path,attr_0,attr_1,attr_2,attr_3,attr_4,attr_5,attr_6,attr_7,attr_8,attr_9,attr_10,attr_11,attr_12,attr_13,attr_14,attr_15,attr_16,attr_17,attr_18,attr_19,attr_20,attr_21,attr_22,attr_23,attr_24,attr_25,attr_26,attr_27,attr_28,class
0.61081386,b,a,b,a,b,a,m,a,a,a,b,b,m,m,a,a,a,a,b,m,m,m,a,m,a,m,m,a,m,1
0.014873835,b,a,b,b,a,a,b,b,b,a,b,b,b,b,b,m,b,m,b,b,b,b,b,b,a,m,a,m,a,1
0.37572888,b,a,m,a,a,a,m,a,b,b,b,m,b,b,m,b,b,m,b,b,a,m,m,b,a,m,m,a,a,1
0.15771115,b,m,b,a,a,a,m,a,b,b,b,a,b,m,a,a,b,b,m,a,m,m,a,b,a,m,a,a,a,1
0.000168596,b,m,b,b,m,a,m,m,m,a,b,b,b,b,a,b,b,m,b,m,a,m,m,a,a,m,m,m,a,1
0.09248917,b,a,b,m,a,a,m,a,m,b,a,b,b,m,a,m,b,a,b,m,a,b,a,b,a,a,a,a,a,1
0.19233619,b,a,a,b,m,a,m,a,m,b,m,m,m,b,a,m,m,a,b,b,a,m,a,m,a,m,m,m,m,1
0.020010656,b,m,b,a,a,a,m,m,b,b,b,a,b,m,b,b,b,m,b,m,m,m,a,m,b,b,a,a,a,1
0.33452594,b,m,b,m,b,m,a,a,b,b,b,b,b,b,a,m,m,m,b,b,m,m,b,b,a,m,b,a,m,1
1.4465885,a,a,b,b,m,a,a,m,m,m,b,b,m,b,b,a,m,a,b,m,a,m,b,m,m,m,b,m,a,1
0.5532264,b,a,b,m,m,m,b,a,b,b,b,b,b,b,m,a,m,b,b,b,a,m,b,a,a,m,m,m,m,1
0.031910934,b,a,m,m,a,a,m,a,b,b,b,b,m,b,a,m,m,b,b,m,m,b,a,m,m,m,m,m,m,1
0.0,b,a,b,a,a,a,a,a,m,a,a,b,b,b,a,b,b,m,b,m,b,m,m,a,m,m,b,m,a,1
0.0,b,a,m,m,a,a,b,a,b,b,b,b,b,b,a,m,b,b,b,m,m,b,b,m,a,m,b,m,a,1
0.0,b,a,b,a,a,a,a,a,b,a,a,a,b,m,b,m,b,a,b,m,b,m,a,m,a,a,a,a,a,1
0.59388864,b,a,b,m,m,a,m,m,m,m,b,b,b,b,a,a,m,a,b,m,m,m,a,a,a,m,a,a,a,1
0.16129418,m,m,a,m,m,a,m,m,m,a,b,b,b,b,b,a,b,a,b,m,a,m,a,a,a,m,m,a,a,1
0.08287303,b,a,m,a,a,a,b,a,b,b,b,b,b,b,m,m,b,b,b,m,m,m,m,m,a,m,a,a,a,1
0.35268572,b,a,b,a,a,a,m,a,m,b,a,b,b,b,a,b,b,a,b,m,m,m,m,b,a,m,b,m,a,1
0.40857813,b,a,b,m,m,m,a,a,b,b,b,b,b,b,m,b,b,m,b,m,a,b,a,m,a,m,b,m,a,1
0.7209242,m,a,b,b,m,m,m,a,m,b,b,b,b,b,m,m,m,m,b,m,a,m,b,b,m,m,a,m,a,1
1.4427402,m,m,a,a,m,a,b,b,m,m,b,b,b,a,b,a,b,b,m,m,a,m,m,m,a,m,a,a,a,1
0.6600642,b,a,b,a,m,a,m,a,b,b,b,b,b,b,a,b,m,m,b,b,m,m,m,b,a,m,a,a,a,1
0.12857836,m,a,b,a,a,a,m,m,m,b,b,b,b,b,a,a,m,m,b,m,m,m,a,b,m,a,a,a,a,1
0.40001437,b,m,m,a,b,a,b,m,b,b,b,b,b,b,b,m,m,a,b,b,m,m,m,b,m,m,b,m,m,1
1.203571,a,m,m,b,m,a,b,m,m,a,a,b,m,b,a,a,m,a,b,m,m,m,m,b,a,m,m,a,a,1
0.25976947,m,a,b,b,b,m,m,a,b,b,b,b,b,b,m,a,m,a,b,b,m,m,a,b,a,m,m,m,m,1
0.0,b,a,b,a,a,a,b,m,b,b,b,b,b,b,a,m,b,a,b,b,m,m,m,m,m,m,a,m,a,1
2.1941977,a,m,b,b,m,m,a,m,b,b,b,b,b,b,m,a,m,b,b,b,a,m,a,m,b,m,b,m,a,1
1.4414356,m,a,b,m,b,m,m,a,m,m,a,b,b,b,b,a,a,a,b,m,m,m,a,a,m,m,b,a,m,1
0.0,b,a,m,m,m,a,b,a,b,b,b,b,b,b,a,b,b,b,b,m,a,m,a,m,a,m,b,m,a,1
0.13581061,m,b,m,a,m,a,m,a,m,a,a,m,b,b,b,m,b,a,b,b,a,m,a,a,a,a,a,a,a,1
0.6356821,b,a,m,a,a,a,a,a,b,a,a,m,m,m,b,m,b,a,b,m,m,m,m,a,m,m,b,a,a,1
0.39334035,a,m,b,m,m,m,m,a,m,b,a,b,b,b,m,a,m,b,b,m,a,m,m,m,a,a,m,m,a,1
0.2710227,m,m,b,m,b,m,m,a,b,b,a,b,b,b,b,b,b,a,b,b,m,b,a,a,a,m,m,m,a,1
0.026466671,b,a,m,m,m,a,b,m,m,m,b,b,b,b,m,a,b,b,a,a,a,m,a,b,m,a,m,a,a,1
0.40015593,a,m,m,b,a,a,m,a,m,b,a,b,b,b,m,a,m,a,b,m,m,m,b,b,a,a,a,a,a,1
0.07940735,b,a,b,m,m,a,b,a,b,b,b,b,b,b,b,b,b,a,b,b,m,b,b,b,m,m,b,m,m,1
1.5347248,a,b,m,m,m,m,b,m,m,b,b,a,b,b,a,a,m,b,m,m,m,m,m,a,a,m,a,a,a,0
3.1912885,a,b,a,b,m,b,b,b,a,m,b,b,m,b,a,b,a,b,m,b,a,m,b,m,b,m,b,m,a,0
0.8671875,m,a,m,m,m,b,m,m,m,b,b,b,b,b,b,a,m,b,b,m,m,m,b,a,m,m,a,a,m,0
0.7263081,a,a,a,a,a,m,b,b,a,b,a,a,b,m,a,m,m,b,b,b,m,a,b,b,a,a,a,a,a,0
3.174523,a,b,m,m,b,b,b,b,a,a,b,m,m,b,a,a,a,m,a,b,m,m,m,a,m,m,b,m,a,0
2.3220823,a,b,m,b,b,b,m,b,a,b,b,b,m,b,a,b,a,a,m,m,a,m,m,m,a,m,b,m,m,0
2.3185415,a,b,a,a,b,b,b,b,a,m,b,b,m,b,a,m,a,b,a,b,a,a,a,a,a,m,b,m,a,0
2.7134993,a,b,m,a,b,b,b,b,b,b,b,b,b,b,a,m,a,a,b,b,m,m,b,b,a,m,m,m,m,0
3.0159507,a,b,a,b,b,b,b,b,m,b,b,b,a,b,a,b,a,a,b,b,a,m,b,a,b,b,b,m,m,0
2.9747033,a,a,a,m,b,b,m,b,a,a,b,b,m,b,a,b,a,b,m,b,a,m,a,a,m,m,m,a,a,0
3.2587292,a,b,m,b,b,b,b,b,m,b,b,b,a,b,a,b,a,b,b,m,a,m,m,a,b,b,b,b,m,0
4.351161,a,b,m,b,b,b,b,m,b,b,b,b,m,m,a,b,a,a,b,b,m,m,b,a,b,m,m,m,a,0
4.048305,a,b,a,m,b,b,b,b,a,m,b,b,m,b,a,m,a,b,b,b,a,m,m,a,b,m,b,a,m,0
4.844507,a,b,a,m,b,b,b,b,m,b,b,b,b,b,a,b,a,m,b,b,a,m,b,a,b,m,b,m,b,0
2.3939285,a,b,m,m,b,b,b,b,a,a,b,b,b,b,m,m,a,m,b,b,a,m,m,m,b,m,b,m,m,0
2.496817,a,b,m,b,b,b,b,b,m,b,b,b,a,b,a,b,a,b,b,b,m,m,m,b,b,b,b,m,m,0
4.477697,a,b,m,b,b,b,b,m,b,b,b,b,m,b,m,b,a,a,b,b,a,m,b,a,b,m,b,m,a,0
3.8880796,a,b,m,b,b,b,b,b,m,b,b,b,a,b,a,m,a,b,b,b,a,m,m,a,b,m,b,b,m,0
1.7321402,a,m,m,m,b,m,m,a,b,b,b,b,m,b,a,b,a,b,b,m,a,m,b,a,m,b,b,a,m,0
2.8859873,a,b,b,a,m,b,b,b,m,b,b,b,b,b,a,m,a,m,b,b,m,m,b,b,a,m,b,a,m,0
3.9146485,a,b,a,b,b,b,m,b,a,b,b,b,m,b,m,b,a,a,m,b,a,m,b,a,m,b,b,b,b,0
4.2952104,a,b,m,m,b,b,b,b,a,m,b,b,a,b,m,m,a,b,b,b,m,m,b,a,b,b,b,m,m,0
1.8068463,a,b,m,b,b,b,m,b,a,a,b,b,m,b,a,m,a,b,a,b,a,m,a,m,b,m,b,m,a,0
3.9791627,a,b,m,b,b,b,m,b,b,b,b,b,a,b,a,b,a,b,b,b,a,b,b,b,b,b,b,m,m,0
1.3427186,a,m,m,b,b,b,m,b,m,b,b,b,a,b,a,b,a,b,b,m,a,a,m,a,a,m,b,b,a,0
3.6078668,a,b,m,m,b,b,b,m,m,b,b,b,m,b,a,b,a,b,b,b,m,m,b,b,b,b,b,b,m,0
3.0125935,a,b,m,b,b,b,b,b,b,b,b,b,m,b,a,b,a,m,b,b,a,m,b,b,b,b,b,m,b,0
3.205142,a,b,m,b,b,b,b,b,a,b,b,b,a,b,a,b,a,b,b,b,a,m,b,b,b,b,b,m,m,0
3.3483279,a,b,m,b,b,b,m,b,b,m,b,b,a,b,m,b,a,b,b,b,a,m,b,b,b,b,b,b,a,0
2.4390826,a,m,m,b,b,b,b,b,a,m,b,m,b,b,m,a,a,b,m,m,a,a,a,a,a,m,m,a,m,0
2.3443947,a,b,m,m,b,b,b,b,m,a,b,b,m,b,a,b,a,b,m,b,a,m,b,a,m,m,b,m,m,0
3.0469463,a,b,m,b,b,b,m,b,b,b,b,b,a,b,a,b,a,b,b,b,a,m,b,b,b,b,b,m,a,0
2.259756,a,b,m,b,b,b,m,b,m,b,b,b,m,b,a,b,a,b,b,b,m,m,m,b,b,b,b,m,a,0
2.2101762,a,b,m,b,b,b,b,b,a,a,b,b,a,b,a,b,a,b,b,b,a,m,b,m,b,b,b,a,m,0
1.2682974,m,m,a,a,m,m,b,m,m,m,b,m,b,m,m,m,m,b,b,m,a,a,a,a,a,a,m,a,m,0
0.80901694,a,b,m,b,b,b,m,m,a,b,b,b,m,b,a,b,a,a,a,b,a,m,b,a,m,m,m,m,a,0
1.7719284,a,m,a,m,b,b,b,b,a,b,b,a,b,b,a,a,a,b,m,m,a,m,a,a,a,a,b,a,m,0
2.2259521,a,b,a,m,b,m,b,b,a,a,b,b,b,b,m,m,a,b,m,m,a,a,a,m,m,m,b,m,m,0
2.6747348,a,m,a,a,m,b,b,m,a,a,b,m,m,b,m,a,m,a,b,m,a,m,a,a,a,m,m,a,m,0
1.7156417,a,m,a,m,m,m,b,b,m,b,b,b,m,b,b,a,m,b,m,m,a,m,a,a,a,m,a,a,m,0
4.08536,a,b,m,m,b,b,b,b,b,b,b,b,m,b,a,b,a,m,b,b,m,m,b,m,b,b,b,m,m,0
2.2358294,a,b,a,m,b,b,b,b,a,a,b,b,b,b,a,m,a,b,m,b,a,m,a,a,m,m,b,m,m,0
1.7685688,a,b,m,m,b,b,b,b,a,b,b,b,b,m,a,m,a,b,m,b,a,m,a,m,b,a,m,m,m,0
1.7764843,a,b,a,b,b,b,b,b,a,m,b,b,m,b,a,b,a,m,m,b,m,m,a,m,m,m,b,b,m,0
0.65242624,b,a,m,a,m,m,b,b,m,a,b,a,b,b,a,a,m,b,m,m,a,m,m,a,m,m,m,a,m,0
2.6281452,m,m,a,m,b,b,b,b,a,a,b,b,m,b,a,a,m,b,a,m,a,a,a,a,m,m,b,m,m,0
1.4923457,b,m,a,b,m,b,b,a,m,b,b,b,b,b,m,m,m,b,m,m,a,m,a,a,a,m,m,a,m,0
4.0690203,a,b,m,a,b,b,m,m,m,b,b,b,b,b,a,b,a,a,b,b,m,m,b,b,b,m,b,m,b,0
2.556343,a,b,m,b,b,b,b,b,m,b,b,b,a,b,a,b,a,b,b,b,a,m,b,m,b,b,b,b,m,0
2.9207091,a,b,a,b,b,b,b,b,m,b,b,b,a,b,a,b,a,b,b,b,m,m,b,m,b,b,b,m,a,0
2.7273915,a,b,a,a,b,b,m,b,m,a,b,b,m,b,a,b,a,b,b,b,m,m,m,m,b,m,b,m,b,0
2.7467694,m,b,a,a,b,b,m,m,a,b,b,b,b,b,a,a,a,a,b,m,a,a,a,a,m,m,a,m,m,0
3.1461093,a,b,m,m,b,b,b,b,a,a,b,b,m,b,m,m,a,b,b,b,a,m,m,a,b,m,m,m,m,0
2.0015547,a,b,m,b,b,m,m,m,a,b,b,b,a,b,a,b,a,a,b,b,a,m,b,a,m,m,b,m,a,0
2.4953544,a,m,m,m,m,b,a,b,a,a,b,m,m,b,a,a,a,b,b,b,a,m,b,a,a,m,b,a,a,0
2.8723543,a,b,a,a,b,b,b,b,a,m,b,b,b,b,a,a,a,b,m,b,a,m,b,m,m,m,m,m,a,0
2.8643217,a,b,b,b,m,m,m,a,a,b,b,b,m,b,a,m,a,a,b,b,a,m,b,m,m,m,m,m,m,0
2.239667,m,b,a,m,m,m,b,m,a,b,b,b,b,b,b,a,m,b,m,m,a,m,a,a,m,m,a,a,m,0
2.341734,a,b,m,b,b,m,b,b,a,m,b,b,b,b,a,a,a,b,m,b,a,m,a,a,a,m,m,a,b,0
3.470769,a,m,b,b,b,m,b,b,m,m,b,b,m,b,m,b,a,b,b,b,a,m,b,a,m,b,b,a,m,0
3.968739,a,b,m,b,b,m,m,b,a,m,b,b,m,b,a,b,a,b,m,b,a,a,b,a,b,m,b,m,m,0
1.0092087,a,b,m,a,a,m,m,a,m,b,b,a,b,m,a,a,a,b,a,b,a,m,b,a,a,m,m,a,a,0
3.483979,a,b,m,m,b,b,b,b,m,b,b,b,a,b,a,m,a,b,b,b,a,m,b,a,b,b,b,a,b,0
1.7227777,a,a,b,m,m,a,m,a,m,m,b,a,b,b,m,a,b,a,m,m,a,a,a,a,a,m,a,a,a,0
1.4332803,a,b,m,b,b,b,m,b,m,b,b,b,a,b,a,b,a,b,b,b,a,m,b,m,m,m,m,m,m,0
1.3484635,a,b,b,b,b,b,m,b,m,b,b,b,a,b,a,b,a,b,b,b,a,m,b,m,b,b,b,m,m,0
1.2506361,a,b,a,b,b,b,b,b,a,b,b,b,b,b,a,m,a,b,a,b,a,m,m,a,m,m,m,m,a,0
3.1967525,a,b,a,m,b,b,b,b,a,m,b,m,b,b,m,a,a,b,a,a,a,a,a,a,a,m,m,a,m,0
0.9262585,b,m,a,b,b,m,b,m,a,a,b,b,b,b,a,m,m,b,a,m,m,a,a,b,b,m,a,m,m,0
3.593172,a,b,m,m,b,m,b,b,a,a,b,m,b,b,b,m,m,a,m,m,a,m,a,a,a,b,m,a,m,0
2.4390845,a,m,m,b,m,a,b,m,a,b,a,b,b,b,a,a,m,b,a,b,a,a,a,a,m,m,a,m,a,0
1.135286,m,b,a,m,m,b,b,b,m,b,b,b,b,b,a,m,m,b,m,m,a,a,a,a,m,m,a,m,m,0
1.0329906,a,b,m,m,b,b,b,b,m,b,b,b,m,b,a,b,a,b,b,b,a,m,m,b,b,m,b,m,m,0
1.4623723,a,b,a,m,m,m,m,b,a,a,b,b,m,b,a,m,m,b,a,m,a,a,m,a,a,m,m,m,m,0
1.2089162,m,b,a,a,m,m,b,b,m,a,b,m,b,b,m,m,b,b,m,m,a,m,a,a,m,m,m,a,a,0
0.8279084,a,a,a,a,b,b,b,b,a,m,b,b,b,m,a,a,m,b,m,m,a,m,a,m,m,m,a,a,m,0
2.0625958,a,b,m,m,b,b,b,m,a,b,a,b,b,b,b,a,m,m,b,m,a,m,a,m,a,m,m,a,m,0
3.8613791,a,b,m,b,b,m,m,m,m,b,b,b,m,b,a,b,a,b,b,b,a,m,b,a,b,b,b,b,m,0
3.1527681,a,m,b,m,b,b,b,a,m,m,b,b,b,m,a,a,a,b,m,m,a,m,m,m,b,m,b,a,a,0
1.3194236,a,a,m,b,m,b,m,m,m,b,a,b,b,b,m,m,m,a,b,b,a,m,b,a,a,m,b,a,a,0
1.2211,a,b,a,m,m,b,b,b,a,b,a,b,b,m,m,a,a,b,a,m,a,m,m,a,m,m,a,m,a,0
2.8390326,a,m,a,m,b,b,b,b,m,m,b,b,b,b,a,b,a,b,m,m,a,a,m,b,b,m,b,a,m,0
2.4241483,a,m,m,m,m,m,b,b,m,b,b,a,b,b,a,m,m,b,b,b,a,a,b,a,m,m,b,m,a,0
2.0127041,a,m,m,b,b,b,m,m,m,b,b,b,m,b,a,m,a,a,b,m,a,m,b,a,m,m,m,m,a,0
3.1709507,a,m,m,b,b,b,b,b,m,b,b,b,a,b,a,b,a,b,b,b,a,m,b,a,b,b,b,a,a,0
1.7424229,a,a,a,b,b,b,m,b,a,m,b,b,m,b,a,m,m,m,b,m,a,m,b,a,m,m,b,a,m,0
2.8855476,a,m,m,b,b,m,m,m,m,a,b,b,b,b,a,m,m,b,b,b,a,m,m,m,m,m,a,a,a,0
2.6030202,m,m,a,m,b,m,b,m,a,m,b,b,b,b,a,m,m,m,b,m,m,a,a,a,m,m,m,m,m,0
1.9848917,m,b,a,m,b,b,b,b,a,b,b,b,b,b,a,m,m,b,b,m,a,a,a,a,m,m,b,m,a,0
1.7382631,a,m,m,m,b,m,b,b,m,m,b,a,b,b,m,b,m,b,m,b,a,m,m,a,m,m,b,m,a,0
0.9353002,a,a,b,m,b,b,m,m,a,a,b,b,m,a,a,b,a,b,m,m,m,a,a,a,a,m,a,a,a,0
2.328716,a,b,a,m,b,b,b,m,a,m,b,b,m,b,a,m,a,b,m,b,a,m,a,a,b,m,m,a,a,0
0.7828122,m,m,m,b,b,b,m,b,a,b,b,b,m,b,a,m,a,b,b,m,a,m,a,a,m,m,b,m,m,0
3.002859,a,b,m,m,b,b,m,b,a,m,b,b,b,m,a,a,a,b,b,b,a,a,a,m,b,m,m,m,a,0
1.3021468,a,m,a,b,b,m,m,b,m,b,b,b,m,b,a,m,m,b,b,m,a,m,m,a,b,m,b,a,b,0
1.5300633,a,b,m,m,b,m,m,a,a,a,b,b,m,b,a,m,a,b,m,b,a,a,a,m,b,a,m,m,m,0
2.5625846,a,m,a,m,m,m,m,b,a,m,b,m,b,b,a,a,m,b,m,m,a,a,a,a,m,m,b,m,b,0
1.2943404,a,b,a,b,b,b,m,b,a,a,b,m,m,b,a,m,a,b,a,b,a,m,m,m,m,m,b,m,a,0
3.0001462,a,b,m,m,b,b,b,m,m,b,b,b,a,b,m,b,a,b,b,b,m,m,b,b,b,b,b,m,b,0
3.2765815,a,b,m,b,b,m,m,m,a,b,b,b,m,b,b,b,a,a,b,b,a,m,b,m,m,m,b,m,a,0
2.0273407,a,b,m,b,b,b,m,b,a,m,b,b,m,b,a,m,a,b,m,b,a,m,a,a,m,m,b,m,a,0
2.5161223,a,b,a,b,b,b,m,b,a,b,b,b,m,b,m,b,a,m,m,b,a,m,b,a,m,m,b,m,a,0
2.6230936,a,b,m,b,b,b,b,m,m,b,b,b,a,b,a,b,a,b,b,b,m,m,b,b,b,b,b,m,b,0
1.2404776,a,b,m,b,b,b,m,b,a,m,b,b,m,b,a,m,a,m,b,b,a,m,m,m,b,m,b,m,m,0
1.498032,a,m,b,a,b,m,m,a,a,m,b,m,b,a,a,m,a,a,a,m,a,a,a,a,m,a,a,m,m,0
3.3238854,a,m,m,m,m,m,b,b,a,m,b,b,b,b,a,b,m,b,b,m,a,m,a,a,b,m,m,m,a,0
1.5338753,m,b,m,b,b,b,a,a,a,a,b,b,a,b,m,b,a,m,b,m,m,m,m,a,m,m,b,b,b,0
2.108776,a,b,m,b,b,b,m,b,m,b,b,b,a,b,a,b,a,b,b,b,a,m,b,b,b,b,b,b,m,0
1.6710734,a,b,b,b,b,m,m,b,a,a,b,b,m,b,a,b,a,b,m,m,m,a,a,a,m,m,b,m,m,0
0.5610655,a,m,m,b,b,b,m,b,a,a,b,b,m,b,m,m,a,b,m,b,a,m,m,a,b,m,m,m,m,0
2.0965343,a,m,b,m,b,b,b,m,a,a,b,a,b,b,a,b,a,m,b,m,a,a,a,a,a,m,a,a,m,0
1.0724499,a,m,m,b,b,b,m,a,a,b,b,b,a,b,m,m,a,a,b,m,m,m,b,m,b,m,b,m,b,0
2.756697,a,b,b,b,b,b,m,b,a,b,b,b,m,b,b,m,a,m,b,b,a,a,m,m,b,m,b,m,m,0
2.4192894,a,b,a,m,b,b,m,m,a,m,b,b,m,b,a,b,a,m,m,m,a,a,a,m,b,m,b,a,a,0
1.6706375,a,m,m,b,b,m,m,m,m,b,b,m,m,b,a,m,a,a,b,b,a,m,b,a,a,m,m,m,a,0
1.9804567,a,b,a,a,b,b,m,b,a,a,b,b,m,b,a,m,a,b,m,m,m,a,a,a,a,m,b,m,m,0
3.1642709,a,b,a,b,b,b,a,b,m,b,b,b,b,b,a,b,a,m,b,b,a,a,m,a,b,m,a,b,a,0
1.7985804,a,m,m,m,b,m,m,b,a,m,b,m,m,b,b,m,a,b,m,m,a,m,m,a,a,m,m,m,a,0
2.7942972,a,b,m,m,b,b,b,b,a,m,b,b,m,b,a,m,a,b,b,b,m,m,b,a,m,m,m,a,m,0
1.7948874,m,m,m,b,m,m,b,m,a,b,b,a,m,b,a,a,a,a,m,b,a,a,b,a,a,m,m,a,a,0
0.76446736,a,b,m,a,b,b,b,b,a,m,b,b,m,m,a,b,a,b,m,b,m,a,a,b,b,m,m,m,a,0
1.5113124,a,b,b,m,b,b,m,a,a,b,b,b,m,b,m,a,a,b,b,b,a,m,m,a,b,m,b,m,b,0
2.8473,a,b,a,m,b,b,m,b,a,m,b,b,m,b,a,b,a,m,a,b,a,a,b,m,a,m,b,b,a,0
0.2525088,a,m,b,a,b,b,m,a,m,a,b,m,m,m,m,a,a,m,b,b,a,m,a,a,b,m,m,m,m,0
2.3138258,m,m,a,m,b,m,m,m,a,m,b,b,m,b,m,a,m,m,b,b,m,m,b,a,m,m,m,m,m,0
2.120849,a,a,a,m,b,m,m,a,m,m,b,m,b,b,a,a,m,m,b,a,a,m,b,b,m,m,m,m,m,0
0.8627073,a,a,b,m,b,m,m,m,m,b,b,b,m,b,a,a,a,m,b,b,m,m,a,m,b,a,a,m,b,0
0.8298273,m,b,m,m,m,b,m,m,m,b,b,a,b,m,m,m,m,b,b,m,a,m,a,m,a,m,m,m,a,0
2.5355606,a,b,a,m,b,b,m,b,a,m,b,a,b,b,a,a,a,a,a,m,a,a,a,a,a,m,m,a,m,0
2.881197,a,b,m,m,b,m,m,m,a,m,b,b,m,b,a,m,a,m,m,m,m,a,a,b,m,m,b,a,m,0
0.7998294,a,m,a,m,b,b,m,b,m,b,a,b,b,b,m,b,m,b,b,m,a,a,b,a,a,m,m,m,a,0
1.6075362,m,b,a,m,m,b,m,b,m,b,b,a,b,m,m,m,m,b,b,m,m,a,a,m,a,m,m,m,m,0
1.1629058,a,m,b,m,b,m,m,m,a,b,b,b,m,b,a,m,a,b,b,b,m,a,a,m,b,a,b,a,m,0
2.0572894,a,b,a,m,m,b,m,m,a,b,b,a,b,a,a,m,a,m,m,m,a,a,a,b,m,m,m,m,a,0
1.9354163,a,a,m,a,m,m,m,m,a,a,a,a,b,b,m,a,m,m,m,m,a,a,a,m,a,m,m,a,a,0
1.3405628,a,m,m,m,m,b,b,b,a,a,b,m,b,a,a,m,a,m,m,m,a,a,m,m,a,a,a,a,a,0
2.9202929,a,b,m,m,b,b,b,m,m,b,b,b,a,b,a,b,a,b,b,b,a,m,b,b,b,b,b,a,m,0
2.6454175,a,b,a,m,b,m,m,m,m,b,b,m,a,b,a,b,a,a,b,b,a,m,b,a,b,m,b,b,m,0
1.8187219,a,b,a,m,a,a,m,m,a,m,b,a,m,b,a,b,a,b,a,m,m,a,a,a,a,m,m,m,a,0
2.5607455,a,m,m,b,b,m,m,b,a,b,b,a,m,m,a,a,a,a,m,m,a,a,b,a,a,a,m,m,m,0
1.5783105,m,b,a,m,m,m,a,b,m,b,b,b,b,b,a,b,m,m,b,m,a,m,a,m,a,m,m,m,a,0
3.0070732,a,b,a,m,m,b,a,b,a,a,b,a,m,b,b,m,a,m,a,m,m,a,a,a,a,m,m,m,m,0
1.8732514,m,b,a,m,m,b,a,b,m,b,b,b,b,a,a,b,m,b,b,m,a,a,a,a,a,a,a,m,a,0
1.5368745,b,b,a,a,m,m,m,m,a,a,b,a,b,m,a,m,m,b,m,m,a,a,a,a,a,a,m,m,a,0
2.4181938,m,m,a,m,b,b,m,b,m,b,b,b,m,b,m,b,m,b,b,m,m,a,b,m,a,m,b,a,m,0
0.84214395,m,a,a,a,m,b,m,m,m,m,b,a,b,a,a,a,m,m,m,m,m,a,a,m,a,a,a,m,a,0
2.122145,a,b,a,m,b,b,b,m,a,m,b,b,m,b,a,b,m,b,b,m,m,a,a,a,b,m,b,m,b,0
1.4585077,a,m,a,m,b,m,b,b,a,b,b,b,b,b,a,m,m,b,m,m,a,a,a,a,a,m,m,m,m,0
3.009019,a,b,a,m,b,m,b,b,a,a,b,b,b,m,a,a,a,b,m,m,a,a,a,a,a,m,m,m,a,0
0.47091526,m,m,m,m,m,m,m,m,a,a,b,b,m,b,a,a,m,m,m,b,a,m,a,a,a,m,m,m,m,0
3.319213,a,b,a,m,b,b,b,b,a,a,b,b,m,b,a,b,a,b,m,m,a,a,a,a,b,m,b,m,a,0
1.3956264,b,m,a,a,m,b,m,m,a,m,b,b,m,m,a,a,m,m,b,m,m,a,a,a,m,m,b,a,b,0
2.1006255,b,b,a,a,b,m,b,b,m,m,b,a,b,m,b,a,b,m,b,m,a,a,m,a,m,m,a,a,a,0
0.42243013,a,m,m,m,b,b,m,m,a,a,b,b,m,b,a,a,a,a,a,m,a,m,a,a,a,m,b,a,m,0
3.0869474,a,b,m,b,b,b,b,b,a,a,b,b,m,b,a,b,a,m,m,b,a,m,b,a,m,m,b,m,a,0
1.8446391,a,b,a,b,b,b,b,b,a,a,b,b,m,b,a,b,m,m,m,b,a,m,a,a,m,m,b,m,a,0
2.483288,a,b,a,a,b,m,m,b,m,a,b,a,b,b,a,m,m,b,m,b,a,a,m,a,b,m,m,m,a,0
2.6667676,m,a,a,m,b,b,m,a,m,m,b,a,m,m,m,m,m,a,m,m,m,a,m,a,a,m,a,a,a,0
1.6794478,a,b,a,m,b,b,b,b,a,a,b,b,a,b,a,b,a,b,m,b,a,m,a,a,m,m,b,m,m,0
2.1048553,a,b,a,a,b,b,a,a,a,b,b,m,b,m,a,m,m,a,m,m,a,a,a,a,a,a,a,a,m,0
2.1860313,b,b,a,m,m,b,b,b,m,b,b,m,m,b,m,m,m,b,b,b,a,m,b,a,m,m,m,m,a,0
1.8974682,m,a,m,a,m,a,a,m,a,a,a,a,b,m,a,m,a,a,m,m,m,a,a,a,a,m,a,m,a,0
1.9863851,a,b,m,m,b,b,m,a,a,b,b,b,m,m,a,m,a,m,m,m,a,a,a,a,m,m,b,a,m,0
1.6209421,a,b,m,b,b,b,m,b,a,b,b,b,a,b,a,b,a,b,b,b,a,m,b,b,b,b,b,m,b,0
1.0178618,m,b,a,m,a,m,m,b,a,m,b,m,m,b,a,m,m,a,a,m,a,m,b,a,a,m,m,a,a,0
1.6962157,a,b,a,m,b,b,b,b,a,a,b,b,a,b,a,m,a,b,b,m,a,m,a,a,m,m,b,m,m,0
0.10817222,b,b,m,m,b,m,m,b,a,a,b,a,b,b,a,m,m,m,a,m,m,a,a,m,a,m,a,a,a,0
3.7292135,a,b,a,b,b,b,b,b,a,m,b,b,b,b,a,m,a,b,m,m,a,a,a,a,b,m,m,b,m,0
3.5223346,a,b,a,b,b,b,b,b,a,a,b,b,m,b,a,m,a,b,b,m,a,m,a,a,m,m,b,m,m,0
0.79637605,a,b,a,m,b,b,m,b,a,a,b,b,m,b,a,b,a,b,m,b,a,a,a,a,m,m,a,a,a,0
1.3314365,a,m,m,m,m,m,b,b,a,b,b,a,b,m,m,a,m,m,a,b,m,a,a,b,a,m,a,m,a,0
2.5832562,a,b,a,m,b,b,m,b,a,a,b,b,m,m,a,m,m,b,m,m,a,m,a,a,a,a,a,a,a,0
2.9256864,a,b,a,b,b,b,b,b,a,a,b,b,m,b,a,b,a,b,m,b,a,m,a,a,b,m,b,m,m,0
2.0570066,a,b,m,b,a,m,m,b,a,a,b,m,b,m,a,m,a,m,a,m,a,m,m,m,a,a,m,m,a,0
1.8251894,m,b,a,m,b,m,b,b,a,b,a,m,m,m,a,m,m,m,m,m,a,m,m,a,a,m,b,a,a,0
2.987466,a,b,a,m,b,b,m,b,a,a,b,m,m,b,a,b,a,b,m,m,a,a,a,a,a,m,b,a,a,0
2.590251,m,m,a,m,b,m,b,b,a,a,b,m,m,m,a,m,a,m,m,m,a,a,a,m,a,m,m,m,a,0
1.9218574,m,m,a,a,b,b,b,b,m,a,b,b,b,m,m,b,m,m,m,m,a,m,m,a,m,m,m,m,m,0
1.625214,a,b,a,b,m,m,m,b,a,a,a,b,m,b,a,b,a,b,m,b,a,a,a,b,a,m,m,m,a,0
1.9848766,a,m,a,m,b,b,b,b,a,m,a,b,m,b,m,a,a,a,a,m,a,a,a,a,a,m,m,a,a,0
3.0075378,m,m,m,m,b,a,m,b,a,b,b,b,m,m,a,b,a,m,m,m,a,a,m,m,m,m,b,m,a,0
1.9403514,a,b,m,m,a,m,m,b,a,a,a,a,b,m,a,m,a,a,a,m,a,m,m,a,a,a,a,a,a,0
3.0442026,a,b,m,m,b,a,m,b,m,b,a,b,m,m,a,b,a,b,b,b,a,m,b,m,a,m,m,a,a,0
1.0715928,a,b,a,m,b,m,m,m,m,m,b,b,m,b,a,b,a,a,m,m,a,a,a,m,b,a,b,a,b,0
2.3962991,a,m,a,b,m,b,b,b,a,m,a,m,m,m,a,m,a,m,a,b,a,a,a,m,a,m,b,m,a,0
2.3932028,a,b,a,b,b,b,m,b,a,m,b,b,b,m,m,m,a,b,m,m,a,m,a,a,a,m,m,m,a,0
2.5272844,a,b,a,m,b,a,b,b,a,a,b,m,b,m,a,m,a,b,a,b,a,a,a,m,m,m,a,m,a,0
2.1986637,a,b,a,b,b,b,b,b,a,a,b,b,m,b,a,b,m,b,m,m,a,a,m,a,m,m,m,b,m,0
2.2827873,m,b,a,m,b,m,b,b,a,a,a,a,b,m,a,m,m,m,a,m,a,a,a,a,m,m,a,m,a,0
2.4108918,a,b,m,m,b,b,m,b,a,b,b,b,m,b,a,b,a,m,m,b,a,m,m,a,m,b,b,m,a,0
1.022132,m,b,a,b,m,m,b,b,a,a,b,m,m,b,a,m,m,b,a,m,a,a,a,a,a,m,m,a,a,0
1.7856973,m,b,a,m,b,m,b,b,a,m,b,a,b,m,a,m,m,b,a,m,a,a,a,a,a,m,a,m,a,0
2.8398242,a,b,a,b,m,b,m,m,m,b,b,b,m,b,a,b,a,a,b,b,a,m,b,m,m,m,b,m,a,0
1.9390672,a,b,m,b,m,m,m,m,a,b,b,b,b,b,a,m,a,a,a,b,a,a,b,m,b,m,b,m,m,0
2.0405395,m,b,a,m,m,b,m,b,a,a,b,a,b,b,a,b,a,b,a,m,a,m,m,a,m,a,a,m,a,0
1.4912063,m,b,m,m,a,m,b,b,a,a,b,a,b,a,a,a,a,b,a,m,a,m,m,a,a,a,a,a,a,0
2.9410777,a,b,a,b,b,b,m,m,a,b,b,b,m,b,a,b,a,b,b,b,a,m,b,b,b,m,b,m,a,0
2.8510072,a,b,a,m,b,b,m,b,a,a,b,b,m,b,a,m,a,b,m,m,a,a,m,a,b,m,b,m,a,0
1.8283606,a,b,m,m,b,m,m,b,a,m,b,m,m,m,a,m,a,m,m,b,a,a,b,a,a,a,b,m,m,0
1.8028286,a,b,a,b,m,m,m,b,a,a,b,a,m,b,a,m,a,b,a,m,a,a,a,a,a,m,b,m,a,0
3.307298,a,b,a,b,m,m,b,b,a,b,b,b,m,b,a,m,a,b,m,m,a,a,a,m,m,m,b,m,m,0
4.159925,a,b,a,m,b,b,m,b,a,m,b,b,a,b,a,b,a,m,b,b,a,m,b,a,b,m,b,m,b,0
3.876783,a,b,a,b,b,b,b,b,a,m,b,b,m,b,m,b,a,a,b,b,a,a,b,a,m,m,b,m,a,0
1.8378551,a,m,m,m,a,m,a,b,a,a,a,m,b,b,a,m,a,b,b,m,a,a,a,a,m,m,b,m,a,0
1.3494823,a,b,a,b,m,m,a,m,a,a,b,b,m,b,a,b,m,b,b,b,a,a,m,a,b,m,m,m,a,0
2.9938755,a,m,a,b,m,b,m,b,a,m,b,m,b,m,m,a,m,b,b,m,a,a,b,a,b,m,m,m,a,0
2.666339,a,b,a,m,m,b,b,b,a,a,b,b,m,b,b,m,a,b,a,m,a,m,a,a,m,m,m,a,a,0
3.869495,a,b,m,b,b,m,m,b,m,a,b,b,m,b,a,b,a,a,b,b,a,m,b,a,b,m,b,m,m,0
3.780492,a,b,a,b,b,b,m,b,a,b,b,b,a,b,a,b,a,b,b,b,a,m,b,a,m,b,b,m,m,0
1.7650408,a,b,a,m,b,b,b,b,a,b,b,b,a,b,a,m,a,m,b,b,a,m,b,b,b,m,b,a,a,0
3.4500744,a,b,a,b,b,b,b,b,m,a,b,b,m,b,m,b,a,a,b,b,a,a,m,a,b,m,b,m,a,0
2.0181284,a,b,a,m,b,m,m,b,a,a,b,b,m,b,a,b,a,b,m,m,a,m,a,a,m,m,m,m,a,0
1.6018087,m,m,a,a,m,b,m,b,a,a,a,b,b,m,a,a,m,m,m,m,a,m,m,m,a,m,m,a,a,0
3.9937534,a,b,m,m,b,b,b,b,m,b,b,b,m,b,a,b,a,b,b,b,a,m,a,b,m,m,m,m,b,0
2.1207712,a,b,a,m,b,b,b,b,a,a,b,b,m,b,a,m,a,b,m,b,a,m,m,b,a,m,b,a,a,0
1.89889,a,b,a,m,b,m,m,m,a,b,b,m,a,b,a,m,a,m,b,m,a,a,m,a,m,m,b,a,m,0
2.2484317,a,b,a,m,a,b,b,b,a,a,a,m,b,m,a,m,a,m,m,m,a,a,m,m,a,m,m,a,a,0
3.0256104,a,b,a,m,m,m,b,b,a,b,b,m,m,b,a,m,a,m,m,b,a,a,a,a,m,m,b,b,m,0
3.0492635,a,b,a,m,a,m,m,b,a,b,a,b,b,b,a,b,a,b,b,b,a,m,b,b,m,m,b,m,a,0
2.3544858,a,b,a,a,m,m,b,b,b,b,b,b,m,b,b,a,m,b,b,m,a,m,b,a,m,m,a,m,m,0
1.3389589,m,b,m,m,m,a,a,m,a,b,b,b,b,m,m,a,a,m,m,m,a,a,a,a,m,m,b,m,a,0
2.3113558,m,b,a,b,b,m,m,b,a,b,b,m,m,b,m,a,a,m,m,m,a,m,m,a,m,b,b,m,m,0
2.6159384,a,b,a,m,m,b,m,b,a,m,b,a,b,b,a,m,a,b,m,b,a,m,m,a,a,m,m,m,a,0
1.350002,m,b,a,m,m,m,m,b,a,a,a,m,m,b,a,m,m,b,m,m,a,m,a,a,m,m,b,a,a,0
1.8898817,a,m,m,b,m,m,m,b,a,a,b,b,b,b,a,m,m,b,m,m,a,m,m,a,a,m,b,a,a,0
1.2573001,a,b,a,m,m,b,b,b,a,a,b,b,m,m,a,a,m,b,m,m,a,m,b,a,m,m,m,m,a,0
2.81857,a,m,a,m,m,m,b,b,a,a,b,m,b,b,a,m,m,b,a,b,a,m,m,a,a,m,b,m,a,0
1.9402469,a,b,a,m,b,b,b,m,m,b,b,m,m,b,m,m,m,m,m,b,a,m,b,a,a,m,b,a,m,0
2.093056,a,b,a,m,b,b,b,b,m,b,b,b,b,a,a,b,a,m,b,m,a,a,m,m,a,m,b,a,m,0
0.91867065,b,b,a,m,b,m,b,b,a,a,b,a,b,b,a,a,m,m,m,m,a,a,a,a,a,a,m,a,a,0
0.9475782,a,b,a,a,b,b,m,m,m,b,b,m,m,m,m,a,a,a,m,b,a,m,b,m,a,m,b,m,m,0
2.562135,a,b,m,m,b,m,m,b,a,m,b,b,a,b,a,b,a,b,b,b,a,m,b,m,b,b,b,m,m,0
1.6831335,m,b,a,a,b,m,m,m,a,a,b,m,m,b,a,m,m,b,a,m,a,a,a,a,a,m,a,m,a,0
1.7134349,m,b,a,m,m,m,m,b,a,a,a,a,b,b,a,m,m,b,b,m,a,m,m,a,a,m,m,m,a,0
1.8781576,a,b,m,m,b,b,m,b,b,b,b,b,m,b,a,b,a,m,b,b,a,m,b,a,m,m,m,b,a,0
0.5189202,a,a,m,m,m,a,m,m,a,b,b,b,b,a,m,a,a,b,b,m,a,a,m,a,m,a,a,m,m,0
2.4698477,a,m,m,b,b,m,m,b,m,a,b,b,b,m,a,m,a,m,m,b,a,a,b,a,m,m,m,m,a,0
3.8921866,a,b,a,m,b,b,m,b,b,b,b,b,a,b,m,b,a,b,b,b,a,m,b,a,b,m,b,m,m,0
3.390086,a,b,a,b,b,m,m,b,a,a,b,b,a,b,a,b,a,b,b,b,a,m,b,a,m,b,b,m,a,0
0.6883652,m,m,a,a,b,b,b,b,a,a,a,a,b,a,a,m,m,b,m,m,a,m,a,a,m,a,a,a,a,0
3.938132,a,b,m,b,b,m,b,b,a,b,b,b,a,b,a,m,a,b,m,b,a,a,b,a,m,m,b,m,a,0
3.0732913,a,b,a,m,b,b,b,b,m,a,b,b,m,b,a,m,a,b,a,m,a,m,a,a,b,m,a,a,m,0
1.9940357,a,b,m,b,b,b,m,b,m,b,b,b,m,b,a,b,a,m,b,b,a,a,b,a,m,m,b,m,a,0
2.446239,a,b,m,b,b,m,m,b,m,b,b,b,a,b,a,b,a,b,b,b,a,a,b,m,b,b,b,m,m,0
0.9396586,a,m,a,m,m,b,m,b,a,a,a,b,b,a,b,a,m,b,m,m,a,m,m,a,m,m,a,a,a,0
1.57093,a,m,m,m,b,b,a,m,m,m,b,b,m,b,a,b,a,m,m,b,a,a,b,a,m,a,b,m,a,0
1.8604132,a,b,m,b,b,m,m,b,m,b,b,b,m,b,a,b,a,b,b,m,m,a,m,m,m,m,b,b,m,0
3.5983407,a,b,a,b,b,b,m,b,a,a,b,b,m,b,a,b,a,b,m,b,a,a,a,a,m,m,b,m,m,0
2.9766777,a,b,m,b,b,m,b,b,a,a,b,b,m,b,a,b,a,m,a,m,a,a,b,m,b,m,b,m,a,0
2.9634113,a,b,m,b,b,m,m,b,m,m,b,b,m,b,a,b,a,b,m,m,a,m,a,a,b,m,b,m,a,0
2.561366,a,m,a,b,b,b,a,b,m,a,b,b,m,b,a,b,a,b,b,m,a,a,m,a,b,a,m,m,a,0
1.1781465,a,b,a,b,b,b,m,m,a,m,b,b,a,b,a,b,a,m,m,b,a,a,b,a,m,m,b,a,m,0
0.7298437,a,m,m,m,m,b,m,b,a,a,a,b,m,m,m,m,a,m,m,b,a,m,b,a,a,m,m,m,a,0
2.522475,a,b,a,m,b,b,b,b,a,a,b,b,a,b,a,b,m,b,b,m,a,m,a,a,b,m,b,m,m,0
2.759116,a,b,a,b,b,m,m,b,a,a,b,b,m,b,a,b,a,m,m,b,a,m,a,m,m,m,b,m,a,0
1.9444761,m,b,a,m,m,b,b,b,a,a,b,b,m,m,m,m,a,b,m,m,a,m,b,m,b,m,b,m,m,0
2.829535,a,a,m,b,b,m,a,b,m,m,b,b,a,b,m,b,a,b,b,m,a,m,m,a,b,m,b,m,a,0
1.2181551,a,b,a,m,b,m,b,b,a,a,b,a,b,b,a,b,a,b,a,m,a,a,a,a,a,a,b,m,a,0
2.8722198,a,b,a,b,b,m,m,b,a,a,a,b,b,b,a,m,a,b,m,m,a,a,b,a,b,m,a,m,a,0
2.441504,a,b,a,m,b,m,b,b,a,m,b,b,m,m,a,b,a,b,m,m,a,m,a,m,m,m,b,m,a,0
2.2746265,a,m,m,m,b,m,m,b,b,m,b,m,m,b,m,b,a,b,b,m,a,m,b,a,m,m,m,m,a,0
2.0796704,a,m,a,b,b,b,b,b,a,m,b,b,b,m,a,b,m,b,m,m,a,m,m,a,m,m,a,b,a,0
2.7455618,a,b,m,b,b,m,m,b,a,m,b,b,m,b,a,b,a,b,m,b,a,m,b,a,m,b,b,m,a,0
2.6913764,a,b,a,b,b,b,m,b,a,b,b,b,m,b,a,b,a,b,m,b,a,m,b,a,b,m,b,b,a,0
2.7167695,a,b,m,b,b,b,m,b,m,b,b,b,a,b,a,b,a,b,b,b,a,m,b,b,b,b,b,m,m,0
2.4768832,a,b,a,b,b,b,m,b,a,a,b,b,m,b,a,b,a,b,b,m,a,a,m,a,b,m,m,m,m,0
2.5540621,a,b,a,m,b,m,m,b,m,m,b,b,m,b,a,b,a,m,b,m,a,m,m,a,b,m,b,a,m,0
1.1071907,a,m,a,a,m,m,m,b,a,a,b,b,m,m,a,m,a,m,m,m,m,a,a,a,a,m,a,a,a,0
2.7598763,a,b,b,b,b,m,a,b,a,a,b,a,m,b,a,m,a,b,b,b,a,a,m,a,a,a,b,m,a,0
1.6898968,a,b,a,m,b,m,b,b,a,m,b,b,m,m,a,b,m,b,m,m,m,a,a,m,b,m,a,m,a,0
1.7904575,a,b,a,b,b,b,m,b,m,b,b,b,a,b,a,b,a,b,b,b,a,m,b,m,b,b,b,b,m,0
2.5480094,a,b,a,m,b,b,b,b,a,a,b,b,m,b,a,b,a,b,m,b,a,m,a,m,b,m,b,b,a,0
0.85131246,a,m,a,m,m,m,b,m,a,m,b,b,a,b,a,a,a,m,m,m,a,m,m,a,a,m,a,a,a,0
2.041778,m,m,a,a,m,b,m,b,a,a,b,b,a,m,a,m,m,b,m,m,a,m,m,a,m,m,a,m,m,0
2.270512,a,b,a,m,b,b,b,b,a,a,b,b,m,b,m,b,a,b,m,m,a,a,a,a,b,m,a,m,m,0
3.8973613,a,b,m,b,b,b,m,b,m,b,b,b,a,b,a,b,a,b,b,b,a,m,b,m,b,m,b,m,b,0
2.075045,a,b,m,b,b,b,a,b,m,b,b,b,a,b,a,b,a,b,b,b,a,m,b,a,b,m,b,b,b,0
2.7220795,a,b,a,m,b,b,b,b,m,b,b,b,m,b,a,b,a,m,m,m,a,a,a,a,b,m,m,m,m,0
3.254734,a,b,m,b,b,b,b,b,a,a,b,b,m,m,a,m,a,b,b,b,a,a,a,a,m,m,b,a,a,0
2.8964221,a,m,b,b,b,b,m,b,m,b,b,b,a,b,a,b,a,b,b,b,a,b,b,b,b,b,b,m,m,0
2.6478472,a,m,b,b,m,b,a,b,b,b,b,b,a,b,m,b,a,b,b,b,a,m,b,b,b,b,b,m,m,0
2.1605952,a,b,m,b,b,b,m,b,a,m,b,b,m,b,a,b,a,b,b,b,a,m,a,b,a,m,b,m,m,0
1.7505512,a,b,a,b,m,m,a,b,a,a,b,b,m,b,a,m,a,m,m,b,a,m,m,m,a,m,b,m,a,0
2.2939117,a,b,a,m,b,b,b,b,a,a,b,b,a,b,a,m,a,m,m,m,a,a,a,a,m,m,b,m,m,0
2.2403975,a,b,a,b,b,b,b,b,a,a,b,b,a,b,a,m,a,b,m,b,a,a,m,a,m,m,b,m,a,0
2.7962708,a,b,m,b,b,b,m,b,m,b,b,b,a,b,a,b,a,b,b,b,a,m,b,b,b,b,b,m,m,0
3.040173,a,b,a,b,b,b,m,b,a,m,b,b,m,b,a,b,a,b,m,m,a,m,a,a,m,m,b,m,a,0
3.074301,a,b,a,m,b,b,b,b,a,a,b,b,m,b,a,b,a,m,b,m,a,a,a,a,m,m,m,m,m,0
4.15933,a,b,a,m,b,b,m,m,m,b,b,b,a,b,a,b,a,b,b,b,a,m,b,b,b,b,b,b,m,0
3.470624,a,b,a,b,b,b,m,b,a,a,b,b,m,b,a,b,a,m,m,m,a,a,m,a,a,m,m,b,a,0
3.540314,a,b,a,m,m,m,m,b,a,m,b,b,a,b,a,m,a,b,a,b,a,m,b,a,a,m,b,m,a,0
2.7697585,a,b,a,m,a,b,a,b,a,a,b,b,m,b,m,m,a,b,m,m,a,a,b,a,m,m,m,m,m,0
2.1925838,a,b,a,m,b,b,m,m,a,a,b,b,m,b,a,a,a,b,m,m,a,a,m,a,m,m,m,a,m,0
2.2670007,a,b,b,b,b,b,m,m,b,b,b,b,a,b,m,b,a,b,b,b,a,m,b,b,b,m,m,b,b,0
2.4233866,a,b,a,m,b,m,b,b,a,b,b,b,m,b,a,b,a,b,a,m,a,m,a,m,b,m,b,m,m,0
3.3865948,a,b,a,b,b,a,m,b,a,a,b,b,m,b,a,b,a,b,a,m,a,m,a,a,m,m,b,m,a,0
1.7515922,a,b,a,m,b,b,m,b,a,a,b,b,a,b,m,m,a,b,m,m,a,m,m,a,m,m,b,a,m,0
2.734644,a,b,m,m,b,b,m,m,m,b,b,b,a,b,a,b,a,a,b,b,a,m,b,a,b,m,b,m,m,0
1.9208131,a,b,a,m,b,b,b,b,a,a,b,b,b,m,a,m,a,m,m,m,a,a,a,m,m,a,b,a,a,0
2.2252212,a,b,a,b,b,b,m,b,m,m,b,b,m,b,m,b,a,b,b,b,a,m,b,a,b,m,b,m,m,0
2.6662693,a,b,b,b,b,b,m,b,b,b,b,b,a,b,a,b,a,b,b,b,m,m,b,b,b,b,b,m,m,0
2.634087,a,b,a,m,b,b,b,b,a,m,b,b,m,b,a,b,a,b,b,b,a,m,a,a,m,m,m,m,a,0
1.8302791,a,m,a,a,b,b,b,b,a,b,b,b,m,b,a,b,a,b,m,b,a,m,m,b,a,b,b,a,a,0
3.4899747,a,b,a,a,b,m,b,b,m,m,b,b,m,b,m,b,a,b,b,m,a,m,m,a,m,b,b,m,a,0
1.7410996,a,b,m,m,b,m,m,b,a,a,b,b,m,b,a,m,a,b,a,b,a,a,a,a,m,m,m,m,a,0
1.7883692,a,b,m,b,b,m,m,b,m,m,b,b,m,b,a,b,a,b,b,b,a,m,b,a,b,m,b,m,a,0
3.3807914,a,b,a,b,b,b,b,b,a,a,b,b,b,m,a,b,a,b,m,b,a,m,m,a,m,m,m,m,a,0
2.9216597,a,m,a,m,m,b,b,b,a,a,a,b,m,m,a,b,a,b,m,m,a,m,a,a,a,a,m,a,a,0
3.3027544,a,b,a,b,b,a,m,b,a,a,a,m,b,m,a,b,a,b,m,m,a,a,a,a,a,m,m,m,a,0
3.5391572,a,b,a,b,b,b,b,b,a,m,b,b,m,b,a,b,a,b,b,m,a,m,b,a,b,m,b,b,a,0
1.0234522,a,b,m,m,m,a,b,b,a,a,b,a,b,b,m,m,m,b,a,b,a,a,a,a,a,m,m,m,a,0
2.7516286,a,b,a,b,m,b,m,b,a,m,b,m,m,b,a,b,a,b,m,m,a,a,a,a,a,m,m,m,m,0
2.906107,a,b,a,a,b,b,b,b,m,m,b,b,m,b,a,b,a,b,b,m,a,m,b,b,b,m,m,a,a,0
2.4367516,a,b,a,m,b,b,b,b,a,a,b,b,b,b,a,a,a,b,a,m,a,m,a,a,a,m,m,a,a,0
2.5613499,a,b,m,m,m,m,m,b,a,a,b,a,m,b,a,m,a,b,a,b,a,a,m,a,m,m,m,m,a,0
2.2717085,a,b,a,b,b,b,b,b,a,a,a,b,b,b,m,m,m,b,a,m,a,a,a,a,a,m,a,a,a,0
1.9194057,a,b,a,b,b,b,b,b,a,a,b,b,m,b,a,m,a,b,m,b,a,m,m,a,a,m,b,m,a,0
1.1437014,a,m,m,m,b,m,b,b,a,a,b,b,m,m,a,m,a,m,a,b,a,a,a,m,a,a,m,a,a,0
1.5327708,a,b,m,b,m,m,m,b,a,a,a,b,m,b,a,a,a,m,a,b,a,a,m,b,a,m,m,a,a,0
2.7699583,a,b,a,m,b,b,b,b,a,a,a,m,m,a,a,a,a,m,a,m,a,a,m,a,a,m,m,a,a,0
2.369829,a,b,a,b,b,b,b,b,a,a,b,b,m,b,a,b,a,b,m,b,a,a,b,a,b,b,b,b,a,0
2.606787,a,m,a,m,b,b,b,b,a,a,a,b,m,m,a,a,a,m,a,m,a,m,a,a,m,a,b,a,a,0
1.1719165,m,m,m,m,m,a,m,m,a,a,b,a,b,b,m,b,a,b,a,b,a,a,a,a,a,m,b,a,a,0
2.0529299,a,b,a,b,m,b,b,b,a,a,b,b,m,b,a,b,a,b,a,b,a,m,m,m,m,m,b,m,a,0
1.8099474,a,a,m,b,b,m,m,b,a,a,b,b,m,b,m,a,a,b,a,m,a,m,m,a,m,a,a,a,a,0
1.8583429,a,m,b,b,b,b,m,b,a,a,b,b,m,b,a,m,a,b,m,b,a,m,a,m,m,m,b,m,a,0
1.4817219,a,b,m,m,b,b,m,b,a,a,b,a,m,b,a,b,a,b,m,b,a,a,a,a,a,m,m,m,a,0
3.3867283,m,a,m,b,b,m,m,a,m,b,b,b,m,b,m,a,a,b,b,m,a,m,a,a,m,a,b,a,m,0
1.86527,a,b,a,b,b,b,m,b,a,a,b,b,m,b,m,m,a,b,a,b,a,a,b,m,m,m,b,m,a,0
1.6216394,m,b,m,b,b,m,a,b,m,b,b,b,m,b,a,b,a,b,b,b,m,m,m,m,a,m,b,m,a,0
2.9020956,a,b,a,b,b,b,m,b,a,a,b,b,m,b,a,m,a,b,b,m,a,m,m,a,m,m,b,m,m,0
1.2263076,a,m,a,b,m,a,b,b,a,a,b,b,m,b,a,m,a,b,m,m,m,m,a,a,a,m,a,m,m,0
1.0688788,a,m,a,m,m,b,m,b,a,a,b,m,b,b,a,a,a,m,a,m,a,m,a,a,a,a,a,a,a,0
1.7454088,m,m,m,m,b,b,m,b,a,a,b,b,m,m,a,b,a,m,m,m,a,m,a,a,m,m,m,a,m,0
2.8811913,a,b,a,m,b,m,b,b,a,a,b,b,m,b,a,b,a,b,b,m,a,a,m,a,b,b,m,m,m,0
2.7061775,a,b,a,m,b,b,b,b,a,m,b,b,m,b,a,m,a,b,m,m,a,m,a,a,a,m,b,a,a,0
1.1593097,b,a,b,m,m,m,m,m,a,a,a,b,m,m,a,m,a,b,b,m,m,m,a,b,a,m,a,a,a,0
3.3735402,a,b,a,b,b,b,b,b,a,a,b,b,m,b,a,b,a,b,m,b,a,a,m,a,b,m,b,m,a,0
1.41914,m,b,a,m,m,b,b,b,a,a,b,m,m,b,m,a,m,b,b,b,a,a,a,a,b,m,b,a,m,0
2.30618,a,m,m,m,m,m,a,b,a,b,b,m,m,b,a,m,a,b,m,m,a,m,m,a,m,m,b,m,a,0
3.3609576,a,b,a,m,b,b,m,b,a,a,b,b,m,b,a,b,a,b,b,m,a,a,a,a,m,m,m,m,m,0
2.052669,a,m,m,a,b,m,m,b,m,m,b,m,m,m,a,a,a,b,b,m,a,m,m,a,a,a,m,a,a,0
2.8410287,a,m,m,b,b,m,m,m,a,a,b,b,m,b,a,b,a,b,b,m,m,m,m,a,a,m,m,m,a,0
1.8458776,a,m,m,m,b,b,a,m,a,a,a,b,m,m,a,b,a,m,m,m,m,a,a,m,a,m,a,a,a,0
2.256718,a,b,m,b,b,b,b,b,a,m,b,m,b,b,a,b,a,b,m,m,a,a,a,a,a,m,b,m,a,0
2.8035505,a,b,a,b,b,m,m,m,m,b,b,b,a,b,a,b,a,b,b,b,a,m,b,b,b,b,m,m,m,0
1.4741492,m,b,a,m,b,b,b,b,a,m,b,b,b,b,a,b,m,b,b,b,a,a,a,a,m,m,b,m,m,0
2.2726228,m,a,m,m,b,m,a,a,m,a,b,b,m,b,a,b,a,a,b,m,m,a,b,a,a,m,a,m,a,0
1.3934635,a,b,m,b,b,b,m,b,m,b,b,b,a,b,a,b,a,m,b,b,a,m,b,m,b,b,b,b,b,0
1.8384159,m,m,a,b,m,a,m,m,a,a,b,a,b,b,a,a,a,b,a,m,a,a,a,m,a,a,m,a,a,0
3.7520854,a,b,m,b,b,b,a,b,m,a,b,b,a,b,a,b,a,m,b,b,a,m,b,a,m,m,b,m,m,0
1.2723367,a,b,a,m,b,m,m,b,a,m,b,m,m,b,a,b,a,b,m,b,a,m,m,m,b,m,b,m,a,0
3.3690858,a,b,m,b,b,b,m,b,m,b,b,b,a,b,a,b,a,b,b,b,a,m,b,a,a,m,b,m,m,0
2.4631555,a,b,m,b,b,b,m,a,m,m,b,b,a,b,a,b,a,b,b,b,a,m,b,a,b,m,b,m,m,0
3.2736037,a,b,m,b,b,b,m,b,m,b,b,b,a,b,a,b,a,b,b,b,a,m,b,a,b,m,b,b,m,0
3.0160081,a,b,m,m,b,m,m,b,a,b,b,b,m,b,a,b,a,a,m,m,a,m,a,m,a,a,m,a,a,0
2.3282583,a,m,a,m,m,b,m,m,m,b,a,m,m,m,a,m,a,a,m,m,a,m,b,m,m,m,m,a,a,0
2.3306036,a,b,m,m,b,b,a,b,b,b,b,b,m,b,b,b,a,a,b,b,a,m,b,a,m,m,b,b,m,0
2.6004224,a,b,m,b,b,b,m,b,m,b,b,b,a,b,a,b,a,b,b,b,a,m,b,a,b,b,b,m,m,0
2.0535972,a,a,m,b,b,m,b,b,a,a,b,a,b,b,a,b,a,b,a,b,a,a,a,a,a,m,m,m,a,0
1.3371128,a,b,a,b,m,a,m,b,a,b,b,b,b,b,a,b,a,m,a,b,a,m,b,a,a,m,m,m,a,0
1.754821,a,b,b,m,b,b,m,b,a,m,b,b,m,b,a,m,a,b,b,b,a,m,m,a,m,m,a,m,a,0
3.0021698,a,b,m,b,b,b,b,b,m,m,a,a,m,m,b,m,m,m,m,m,a,m,m,a,m,m,a,a,a,0
1.7032751,m,m,a,b,b,a,m,b,a,m,b,b,b,b,a,b,m,b,b,m,a,m,m,a,m,m,m,m,a,0
2.9572446,a,b,m,b,b,b,m,m,m,a,b,b,a,b,a,b,a,b,b,b,a,m,b,a,b,m,b,m,m,0
2.895224,a,m,a,b,b,b,m,b,m,m,b,b,a,b,a,b,a,a,b,b,a,m,b,a,m,m,m,m,a,0
3.8775113,a,b,m,m,b,a,m,b,m,b,b,b,m,b,a,b,a,b,b,b,a,m,b,m,m,m,b,a,m,0
2.4686384,a,b,m,b,b,b,m,b,m,b,b,b,a,b,m,b,a,b,b,b,a,m,b,b,b,b,b,m,a,0
0.5441342,b,m,a,a,a,m,m,b,a,a,b,b,b,m,a,m,m,b,m,m,m,a,a,m,a,a,a,a,a,0
3.2248607,a,b,m,m,m,m,m,m,m,b,b,b,m,b,a,m,a,m,b,m,a,m,m,m,a,m,m,a,m,0
1.6710464,b,a,m,m,m,m,m,m,a,a,a,b,m,b,a,m,a,b,b,a,m,m,a,a,a,m,m,a,a,0
2.0984576,m,m,a,m,a,a,a,b,a,m,a,m,m,b,a,m,m,b,m,m,a,m,m,a,a,m,b,a,a,0
1.4514064,m,b,a,a,m,b,m,m,a,a,a,m,b,b,a,b,a,b,m,m,a,a,a,b,a,a,a,a,a,0
1.7982026,m,b,a,m,b,b,b,b,m,b,a,a,b,a,a,a,m,b,a,a,m,a,a,a,a,a,m,a,a,0
1.7114351,a,b,m,m,m,b,m,b,a,a,a,b,m,b,a,b,a,b,m,b,a,m,m,m,m,m,m,a,a,0
2.0816474,m,m,a,a,m,m,b,b,a,a,b,m,b,m,a,m,m,b,a,m,a,m,a,a,a,m,a,m,a,0
1.2231287,b,m,m,b,b,b,m,b,a,m,b,b,b,m,a,b,a,b,b,b,m,a,a,b,m,m,b,m,m,0
1.0705813,b,m,a,m,m,a,m,b,a,a,b,m,b,a,a,a,m,b,m,m,a,a,a,a,a,a,a,a,a,0
2.8303864,m,b,a,m,a,a,m,b,a,a,b,a,b,b,a,a,m,b,a,m,a,a,a,a,a,a,m,a,a,0
2.207614,m,m,a,b,m,m,m,b,a,a,b,a,b,b,m,m,a,b,a,a,a,m,a,a,a,m,a,m,a,0
1.3811674,b,m,a,a,m,m,b,b,m,m,b,b,m,b,a,b,a,b,m,m,m,m,a,a,a,m,a,a,a,0
1.7741835,m,b,a,m,m,m,m,m,a,a,b,a,m,b,a,m,a,a,a,m,a,a,a,a,m,a,m,m,a,0
1.8257751,a,m,b,b,b,b,m,b,a,b,b,b,m,m,a,b,a,b,m,b,a,m,b,b,a,a,m,a,a,0
0.8450689,a,m,a,m,m,b,m,b,a,a,a,m,m,m,a,m,a,b,a,b,a,m,m,b,m,a,a,a,a,0
0.65508115,a,m,a,m,m,b,m,m,a,a,a,a,m,m,a,a,a,a,a,b,a,m,b,b,a,m,a,a,a,0
2.5261948,a,m,b,b,b,b,a,a,m,b,b,b,m,b,m,m,a,a,b,m,a,a,b,a,m,a,m,a,m,0
2.120297,a,m,a,m,m,m,b,b,a,m,b,m,m,m,a,a,m,b,m,m,a,a,a,a,a,m,a,a,a,0
1.9416585,a,b,m,b,b,b,m,b,a,m,b,b,b,b,a,b,a,m,b,b,m,a,a,m,m,a,b,m,a,0
0.9029407,b,m,a,a,a,a,m,b,a,a,a,m,b,b,a,b,m,b,m,a,a,m,a,m,a,m,a,m,a,0
2.4970636,a,b,a,m,b,b,m,b,a,m,b,b,m,b,m,m,a,b,m,m,a,a,a,a,a,m,m,m,m,0
1.8053371,a,m,m,a,m,m,m,a,m,a,a,a,b,a,a,b,m,m,b,b,m,m,m,m,a,a,a,a,a,0
0.6560031,a,a,m,a,m,b,m,b,a,a,a,a,m,a,a,a,a,a,a,m,a,m,m,m,a,a,a,a,a,0
3.7014747,a,m,b,m,b,b,m,m,m,b,b,b,a,b,m,b,a,m,b,b,a,m,b,a,m,m,b,a,a,0
1.9528937,a,b,a,b,b,b,b,b,a,a,b,b,m,b,a,m,a,b,m,m,a,m,m,a,a,m,m,m,a,0
2.5246453,a,b,a,m,m,m,m,b,a,a,b,a,b,m,m,a,a,m,m,b,a,a,a,a,a,a,b,a,a,0
1.7674205,a,b,m,a,b,b,m,b,a,b,b,m,a,b,a,b,a,b,m,b,a,m,b,a,m,m,b,a,a,0
0.589604,b,m,b,a,a,a,b,b,a,m,b,a,b,a,b,a,m,b,a,m,m,m,a,b,a,m,a,a,a,0
2.1651359,b,b,a,a,m,a,m,b,a,a,b,b,b,a,a,a,m,b,b,b,a,m,m,b,m,m,a,a,a,0
2.8480651,a,b,a,m,m,m,m,m,a,a,b,m,b,m,a,a,a,m,a,m,a,a,m,a,a,a,a,a,a,0
1.632671,m,a,a,b,m,m,b,b,a,m,b,m,b,m,a,m,a,m,m,m,a,a,a,a,a,m,a,a,a,0
1.0924664,a,b,m,b,b,b,m,b,a,a,b,b,a,b,a,b,a,m,a,b,m,m,b,a,m,a,m,m,a,0
1.4839827,a,b,m,m,b,b,m,b,a,a,b,b,a,b,a,b,a,m,m,b,a,m,b,a,m,m,b,m,b,0
2.851521,a,m,a,b,m,b,a,b,a,a,b,m,m,b,a,b,a,a,b,b,m,a,m,a,a,a,b,b,m,0
2.0794919,m,b,a,a,b,m,b,b,a,m,b,b,m,b,a,a,m,b,a,m,a,a,m,a,a,m,a,a,a,0
0.2879,m,a,a,a,a,m,m,m,a,a,b,a,b,a,m,m,b,b,m,m,m,a,a,a,a,m,a,a,a,0
2.7528887,a,b,a,b,b,m,b,b,a,a,b,b,b,b,a,m,m,a,m,b,a,a,a,a,m,m,b,a,a,0
1.7737535,a,b,a,m,b,b,m,b,a,a,b,m,m,m,a,a,a,b,m,b,a,m,m,m,m,m,b,m,a,0
1.6031264,a,m,m,b,b,b,a,m,a,m,b,b,a,b,a,b,a,m,m,b,m,m,b,m,a,m,b,m,a,0
1.9957479,a,b,m,m,b,a,m,b,m,b,b,b,m,b,m,m,a,a,b,b,a,m,b,a,b,m,b,m,a,0
1.5640844,m,a,b,m,m,m,m,b,a,b,b,a,b,b,a,m,m,m,m,m,m,m,a,m,a,a,a,m,a,0
0.23776627,m,a,m,a,b,m,b,m,a,m,b,b,b,a,a,m,m,b,b,m,m,a,a,a,a,a,a,a,m,0
0.4638598,b,a,m,m,b,m,b,b,a,m,b,m,b,b,a,m,a,b,m,m,m,a,m,a,m,a,a,m,m,0
4.0164366,a,b,m,b,b,b,b,m,m,b,b,b,m,b,m,m,a,m,b,b,a,m,b,a,b,m,b,m,m,0
0.56099594,m,m,m,a,m,b,m,m,a,a,b,b,m,m,a,m,a,m,a,m,m,m,m,m,a,m,a,a,a,0
0.041359853,a,b,a,m,b,m,m,b,a,a,b,m,m,b,a,m,a,b,a,b,a,a,m,a,a,m,a,m,a,0
2.464937,a,b,m,b,b,m,m,b,a,m,b,b,a,b,a,b,a,m,m,b,m,m,b,m,m,m,b,m,m,0
0.73698765,a,b,m,a,b,b,m,b,a,a,b,b,m,b,a,b,a,b,m,b,m,a,a,m,b,m,m,m,a,0
1.6433399,a,b,m,m,b,b,b,b,a,a,b,b,m,b,a,b,a,m,b,b,m,m,a,m,m,m,m,m,a,0
1.2606888,a,b,m,m,b,b,b,b,a,a,b,b,m,b,a,b,a,b,m,b,m,a,a,b,m,m,b,m,a,0
0.6216457,a,m,m,m,m,b,a,b,m,b,b,m,b,m,m,m,a,b,m,b,m,m,b,a,a,m,a,m,a,0
1.0556654,a,b,b,m,b,b,b,b,a,a,b,b,m,b,a,b,a,b,a,b,m,a,m,b,b,m,b,b,a,0
0.98131174,a,m,m,a,m,b,m,m,a,a,b,a,m,a,a,m,a,b,a,b,a,m,m,m,a,a,a,a,a,0
1.651424,a,a,b,m,b,m,a,b,b,b,a,b,m,a,m,m,m,b,b,m,m,m,b,m,a,m,a,m,a,0
0.94620407,a,b,a,m,b,m,a,m,a,a,b,m,a,b,a,b,a,m,a,b,a,a,b,a,m,m,m,m,a,0
2.8969646,a,b,a,m,b,b,m,b,a,m,b,b,m,m,a,b,a,b,b,m,m,a,b,m,m,m,a,a,a,0
2.1637983,a,m,m,m,m,m,m,m,a,a,b,b,m,b,a,b,a,b,m,m,m,m,m,a,a,m,a,a,a,0
3.2295086,a,b,b,b,b,b,m,m,m,b,b,b,m,m,a,m,a,m,b,b,a,m,b,m,a,m,m,m,m,0
0.62072885,m,a,a,a,m,m,m,m,a,a,b,b,a,m,a,m,a,m,a,m,a,a,a,m,a,a,a,a,m,0
2.531124,a,m,m,m,b,b,m,a,a,a,b,a,m,b,a,b,a,m,a,b,m,a,m,a,m,a,m,a,m,0
1.9551002,a,b,m,m,m,m,a,b,a,m,b,b,a,m,a,b,a,b,a,b,m,m,b,a,a,m,a,a,a,0
1.934761,a,b,m,m,b,m,m,m,a,a,b,a,m,m,a,m,m,a,m,b,a,a,a,a,a,a,m,a,a,0
0.93692046,a,b,m,a,m,m,m,a,a,a,b,a,m,b,a,b,a,a,a,b,m,a,a,m,a,m,b,a,a,0
1.9056143,a,m,a,b,b,b,m,b,a,a,b,b,m,m,a,b,a,b,m,m,m,a,a,a,a,m,m,m,m,0
1.0743023,a,m,a,a,b,a,b,b,m,b,b,b,m,b,b,a,b,a,b,b,m,m,m,a,m,m,m,a,m,0
1.831508,a,b,m,m,b,b,m,b,m,b,b,b,m,b,m,m,a,m,b,b,a,m,b,a,m,m,m,m,m,0
1.2804513,a,b,a,m,b,b,m,b,a,a,b,b,m,b,a,m,a,b,m,b,m,a,a,a,a,m,b,m,b,0
0.4567305,a,b,m,m,m,m,a,a,a,a,b,a,m,b,a,a,a,m,a,b,m,a,a,m,a,a,m,a,a,0
1.6085771,a,b,m,b,b,b,a,b,m,b,b,b,m,b,m,m,a,a,b,m,a,m,b,a,b,a,a,m,a,0
1.059252,b,a,m,m,b,m,m,m,a,b,b,a,m,b,b,a,m,m,m,m,a,m,a,a,m,m,m,m,m,0
0.16952951,a,b,m,m,m,b,m,b,a,a,b,a,b,b,a,b,a,b,a,b,m,a,m,a,a,m,a,m,a,0
0.20970018,a,b,b,b,b,m,m,m,a,a,b,m,b,b,a,b,m,a,a,b,m,m,a,m,a,m,m,b,a,0
0.59901667,a,b,a,m,b,b,m,b,a,a,b,b,a,b,a,b,a,b,a,b,b,m,m,m,m,m,b,m,m,0
2.3594153,a,b,m,m,b,b,b,a,b,b,b,b,a,b,a,b,a,b,b,b,a,m,b,b,b,m,b,a,m,0
3.4331036,a,b,m,b,b,b,m,b,b,b,b,a,m,a,a,b,a,m,b,b,a,m,b,a,m,m,b,m,m,0
0.15780741,a,m,m,m,m,m,m,b,a,a,b,b,m,m,a,b,a,m,a,b,m,m,a,b,a,a,a,a,a,0
1.5757381,a,b,m,m,b,b,m,m,a,a,b,b,m,b,m,b,a,b,a,b,m,m,b,a,a,m,b,m,a,0
1.4082838,a,b,a,m,b,b,m,b,a,a,b,m,m,b,a,b,a,b,a,b,m,m,m,m,a,m,m,m,m,0
1.4178607,a,b,m,m,b,b,m,m,a,a,b,b,m,b,a,b,a,m,a,b,m,m,m,m,m,a,b,b,m,0
0.9478918,a,b,m,m,b,b,m,b,a,b,b,b,a,b,a,m,a,m,b,b,m,m,b,m,m,m,b,a,m,0
0.9733812,a,b,m,a,m,b,b,b,a,a,b,a,b,b,a,b,a,a,a,b,m,m,m,m,m,a,a,m,a,0
0.44713515,a,m,b,b,b,a,m,m,m,m,b,b,a,b,b,b,a,b,m,b,m,m,b,m,m,m,b,b,a,0
0.5775007,a,b,m,b,b,b,m,b,m,m,b,b,a,b,m,b,a,m,b,b,m,m,b,m,b,m,b,m,a,0
0.20094272,a,m,m,m,b,b,a,b,a,a,b,b,a,b,a,b,a,b,a,b,m,a,m,m,m,a,a,m,m,0
1.6260637,a,b,m,m,b,b,m,b,m,m,b,b,b,b,m,b,a,b,m,b,b,a,b,m,m,m,m,b,m,0
0.9985008,a,m,b,m,b,m,m,b,a,a,b,b,m,b,m,b,a,b,m,b,b,m,a,b,a,m,b,m,m,0
0.9190806,a,m,a,m,b,b,m,b,a,a,b,b,a,b,a,m,a,m,m,b,a,m,m,b,a,m,b,a,a,0
0.9190806,a,m,a,m,b,b,m,b,a,a,b,b,a,b,a,m,a,m,m,b,a,m,m,b,a,m,b,a,a,0
0.23934123,m,a,m,b,b,b,m,b,b,m,b,b,m,b,m,b,a,b,m,b,m,m,b,b,m,m,m,m,a,0
0.44713515,a,m,b,b,b,a,m,m,m,m,b,b,a,b,b,b,a,b,m,b,m,m,b,m,m,m,b,b,a,0
0.6004994,a,m,b,b,b,b,m,b,m,b,b,b,a,m,a,b,a,b,m,b,a,m,b,m,m,m,b,m,m,0
0.5775007,a,b,m,b,b,b,m,b,m,m,b,b,a,b,m,b,a,m,b,b,m,m,b,m,b,m,b,m,a,0
0.4962195,a,b,m,b,b,b,m,m,m,a,b,b,a,b,a,b,a,a,a,b,m,m,b,m,m,m,b,b,m,0
0.13217571,a,b,m,b,b,m,m,m,a,a,b,b,a,b,a,b,a,b,a,b,a,m,b,a,b,m,b,m,a,0
0.5756592,a,b,m,b,m,b,b,b,a,a,b,m,m,m,a,b,a,b,b,b,a,a,b,b,m,m,a,m,a,0
0.5756592,a,b,m,b,m,b,b,b,a,a,b,m,m,m,a,b,a,b,b,b,a,a,b,b,m,m,a,m,a,0
0.4962195,a,b,m,b,b,b,m,m,m,a,b,b,a,b,a,b,a,a,a,b,m,m,b,m,m,m,b,b,m,0
0.6604187,a,m,b,m,m,b,m,b,a,a,a,b,m,b,a,m,a,m,m,b,m,m,b,b,m,m,m,m,a,0
1.8139982,a,a,a,b,m,m,a,b,b,m,b,b,m,a,a,b,a,b,m,b,a,m,b,a,a,m,b,m,a,0
0.13217571,a,b,m,b,b,m,m,m,a,a,b,b,a,b,a,b,a,b,a,b,a,m,b,a,b,m,b,m,a,0
0.3783862,a,b,a,m,b,b,a,b,m,a,b,a,m,b,m,m,a,m,a,b,a,m,b,m,m,m,b,m,a,0
0.9437585,a,b,b,b,b,b,m,b,m,b,b,b,a,b,a,b,a,b,b,b,m,m,b,m,a,m,b,m,m,0
0.3792502,m,m,a,a,b,b,m,b,a,a,b,a,m,m,a,m,a,a,a,b,a,a,a,a,a,a,m,a,a,0
2.3190641,a,m,m,b,m,b,m,b,m,m,b,b,m,m,a,b,a,b,m,m,a,a,b,a,a,a,m,m,a,0
1.2241983,m,a,m,a,m,b,m,b,a,b,b,m,m,b,a,m,a,b,a,m,m,m,m,a,a,a,m,a,m,0
2.389672,a,b,a,m,m,b,m,b,a,b,b,b,m,b,m,b,a,b,m,m,a,a,b,b,a,m,b,m,a,0
2.994779,a,b,a,b,b,b,b,m,a,m,b,b,m,b,a,b,m,b,m,m,a,a,a,a,m,m,m,m,a,0
1.3029697,a,m,m,b,b,m,m,b,a,a,b,m,m,b,m,b,a,b,b,b,a,a,m,a,m,m,b,m,a,0
0.077659324,b,a,b,a,a,a,a,a,a,m,a,a,b,a,m,m,b,m,m,m,m,m,a,b,a,a,a,a,a,0
0.20558013,m,a,m,a,m,b,a,b,a,a,b,a,m,a,a,m,a,b,m,m,m,m,a,a,m,a,a,a,a,0
1.8500738,a,m,m,a,m,b,m,b,a,a,b,b,m,m,a,b,a,b,b,m,m,m,a,m,a,m,m,a,a,0
2.8154986,a,m,a,m,m,b,m,b,a,a,b,b,b,m,a,b,a,b,b,m,a,a,a,m,m,a,m,m,a,0
2.9077027,a,m,a,a,m,m,b,b,a,b,b,a,b,a,a,m,a,m,b,m,a,a,a,a,a,a,a,a,a,0
0.6515883,a,b,a,m,m,a,a,m,m,a,b,a,m,m,a,m,a,a,a,b,a,m,m,a,m,a,m,m,a,0
1.9722295,a,b,a,m,b,b,b,b,a,a,b,b,b,b,a,b,a,b,a,b,a,a,a,a,m,a,b,m,m,0
1.0063175,a,b,m,a,b,b,a,b,m,b,b,b,m,b,a,b,a,b,b,m,a,m,m,m,a,a,b,a,m,0
2.3137376,m,m,a,b,b,b,m,b,a,a,b,b,b,b,a,b,m,b,b,m,a,a,a,a,m,a,b,m,m,0
2.0615597,a,m,a,b,b,b,a,m,a,m,b,b,a,b,a,b,a,m,b,b,a,m,b,a,a,m,b,m,b,0
2.7219012,a,b,a,b,b,b,a,b,m,b,b,b,a,b,a,b,a,b,b,b,a,m,b,a,b,m,b,b,b,0
2.4593298,a,b,m,m,b,b,m,b,m,b,b,b,m,b,a,b,a,b,a,m,a,m,b,a,a,m,b,a,m,0
0.8157798,m,m,m,a,b,b,m,a,m,b,b,m,b,m,m,a,a,a,a,m,a,a,b,a,a,m,m,a,m,0
1.1786681,a,b,m,m,b,m,m,a,a,b,b,a,b,m,a,m,a,a,m,b,a,a,a,m,a,m,b,m,m,0
0.6002156,a,m,a,m,b,a,b,b,m,b,b,b,b,b,b,a,m,a,m,b,m,m,m,a,m,m,a,a,m,0
1.1468697,a,b,m,m,b,b,m,a,b,b,b,b,m,a,a,a,a,m,b,b,a,m,b,a,m,a,m,m,b,0
0.594146,b,m,m,a,m,b,m,m,a,b,b,m,m,a,m,a,a,b,m,b,m,m,a,b,m,m,a,a,b,0
0.7967901,a,b,m,m,b,b,m,m,a,m,b,b,m,b,a,m,a,b,m,m,m,a,a,m,m,m,a,a,m,0
1.2641151,m,m,m,a,a,b,m,m,a,m,b,a,b,a,a,a,m,m,m,b,m,a,a,m,m,m,a,m,a,0
1.0002801,b,a,m,a,b,m,b,a,m,b,b,a,b,m,m,a,b,b,m,m,a,a,m,a,a,m,a,a,a,0
1.9383945,a,b,a,m,b,b,b,b,a,a,b,m,a,b,a,b,a,b,m,m,a,m,a,m,m,m,b,m,a,0
0.98545605,a,a,a,m,b,b,b,b,a,a,b,b,m,b,a,m,a,b,a,m,m,a,a,a,m,m,a,m,m,0
0.7991427,a,b,m,m,b,b,a,m,b,m,b,b,m,m,a,m,a,m,a,b,a,m,b,a,m,m,b,m,m,0
1.7895908,m,m,m,b,b,m,m,b,a,a,b,m,m,b,a,m,a,b,a,b,a,m,b,a,a,m,m,m,m,0
0.8546518,m,a,a,a,b,b,b,m,a,m,b,b,m,m,a,m,a,m,m,m,m,m,a,m,b,m,m,m,m,0
0.9342441,a,m,m,b,m,a,a,b,a,a,b,a,m,b,a,b,a,a,a,b,a,a,b,b,m,a,m,m,m,0
2.0985146,a,b,m,m,b,m,m,b,a,b,b,m,m,b,a,b,a,m,m,b,a,m,b,a,m,m,m,m,a,0
0.3126513,b,m,a,a,a,m,b,a,a,b,b,m,b,a,a,a,m,b,m,m,a,a,b,a,m,m,a,a,a,0
1.6799017,m,b,a,m,m,b,b,b,a,b,b,m,b,b,m,a,m,m,m,m,a,a,b,a,a,m,a,m,m,0
2.282682,a,b,m,b,b,b,m,b,a,b,b,m,a,b,a,m,a,a,b,b,a,m,b,a,m,m,m,m,a,0
2.1303484,a,b,m,m,b,b,m,b,a,a,b,b,m,b,a,b,a,b,m,m,a,m,a,a,m,m,m,m,m,0
0.22547773,m,m,m,a,a,a,m,b,a,b,a,a,b,m,b,a,m,a,m,b,m,m,b,b,a,m,a,m,a,0
1.2843667,m,b,a,a,a,m,m,m,a,b,b,a,b,m,m,a,m,b,m,m,a,a,b,m,a,m,m,a,m,0
2.575526,a,m,a,a,m,a,m,b,a,m,b,b,m,m,b,a,a,m,a,b,m,a,m,a,m,m,a,m,a,0
2.0747437,a,m,a,m,m,b,m,b,a,b,b,b,b,b,m,a,a,b,a,m,a,a,b,a,m,m,m,m,m,0
0.896535,b,a,m,m,m,b,m,b,m,a,b,a,b,m,a,m,m,b,a,m,a,m,m,b,a,a,m,a,a,0
2.2890453,a,b,m,b,b,m,a,m,m,m,b,m,m,b,a,b,a,m,b,b,m,m,b,a,m,m,m,m,m,0
1.5294049,b,a,m,m,a,m,m,b,a,m,b,m,m,b,m,a,a,m,m,m,m,a,a,a,a,m,a,m,a,0
2.9663544,a,b,a,b,b,b,m,b,a,a,b,b,m,b,a,b,a,b,m,b,a,m,a,a,m,m,b,m,a,0
0.6147594,m,m,a,a,m,b,b,b,a,a,b,b,m,m,a,a,m,b,m,m,a,a,a,m,a,m,a,a,m,0
2.1206255,a,b,m,b,b,b,a,m,a,b,b,b,m,b,a,b,a,a,m,b,a,m,b,a,m,m,b,m,m,0
0.2953284,m,b,a,a,m,m,b,b,a,a,b,a,m,a,a,a,m,b,a,m,a,m,m,m,m,m,a,a,a,0
1.5602694,a,b,m,m,m,m,m,b,a,a,b,a,b,b,a,b,m,b,a,b,a,a,a,m,a,m,a,m,a,0
0.6585012,b,a,m,a,m,m,b,b,a,a,b,b,b,m,a,a,m,b,m,b,a,m,a,a,m,m,m,m,a,0
2.31054,a,m,a,m,b,m,m,b,a,a,b,a,b,m,m,m,a,b,m,b,a,a,a,a,b,m,a,m,a,0
1.6089636,a,m,m,b,m,b,m,m,a,b,b,m,m,a,a,m,a,a,a,m,a,a,m,a,a,a,a,m,a,0
1.2985933,a,a,m,m,m,b,a,b,m,a,b,a,b,a,b,b,m,m,a,b,a,a,a,a,a,a,a,m,a,0
1.9430577,m,a,a,m,a,m,b,b,a,b,b,a,b,a,a,m,m,b,a,m,a,a,m,m,a,a,m,a,a,0
1.0452235,a,m,a,m,m,m,m,b,a,m,b,a,b,a,a,b,a,m,a,b,m,a,a,b,a,a,m,m,a,0
0.9555188,a,m,a,m,m,b,b,b,a,a,b,a,b,m,a,b,a,b,a,b,m,a,a,m,a,a,a,m,a,0
0.5778916,a,m,a,m,m,b,b,b,a,a,b,b,b,m,a,b,a,m,a,b,a,a,b,b,a,m,a,m,a,0
0.046029676,a,b,m,m,b,b,a,b,a,a,b,m,m,b,a,b,a,b,m,b,a,a,a,m,m,m,m,a,a,0
1.3919765,m,m,a,a,m,m,m,b,a,a,b,b,b,m,a,m,a,b,a,m,m,a,m,a,m,a,a,a,m,0
2.8476267,a,m,m,b,b,b,m,b,a,m,b,b,m,b,a,b,a,b,m,b,a,m,m,a,b,m,b,b,a,0
2.136042,m,b,m,m,b,m,m,m,m,a,b,b,m,b,a,b,a,b,b,m,a,m,m,a,b,m,b,m,a,0
0.6387089,a,a,m,m,b,b,m,b,a,a,b,m,m,b,a,a,a,b,m,b,a,m,a,a,m,a,a,a,m,0
0.7880903,b,a,m,a,m,m,m,b,a,b,b,a,b,a,a,m,m,a,a,m,m,a,a,b,a,a,a,m,a,0
0.4909159,b,m,m,a,a,a,m,m,a,a,b,a,b,a,a,m,b,a,a,a,a,a,a,a,a,a,a,a,a,0
0.7620166,b,b,m,m,m,m,b,b,a,a,b,a,b,a,a,a,m,b,a,m,a,a,a,a,a,a,a,m,a,0
0.7750175,a,m,m,m,m,m,m,b,a,a,b,b,m,b,a,b,a,m,a,b,a,m,b,b,a,a,a,m,a,0
0.08768323,m,a,b,a,a,a,m,b,a,a,a,a,b,a,m,a,m,m,b,b,a,a,a,m,a,a,a,m,a,0
3.1480765,a,m,a,m,b,b,a,b,a,a,b,b,b,m,a,b,a,b,b,m,a,a,a,m,b,a,a,m,m,0
0.5574878,b,m,a,a,b,m,b,m,a,a,b,b,b,m,a,a,m,b,a,m,m,a,a,m,a,m,a,a,m,0
2.600156,a,b,a,m,b,b,b,b,a,a,b,b,m,m,a,b,a,b,a,b,a,a,a,b,b,a,m,m,a,0
1.4049664,a,b,a,m,b,b,m,m,a,a,b,a,m,m,a,b,a,a,m,b,m,m,m,a,a,m,a,a,a,0
2.255404,a,m,a,b,m,b,b,b,a,a,a,m,m,m,a,m,a,b,a,m,a,a,a,a,a,m,m,a,a,0
1.7284,m,b,a,b,a,b,b,b,a,b,b,a,b,b,m,a,b,b,a,m,a,m,b,a,a,m,m,a,a,0
1.5098466,a,m,m,m,m,m,m,b,a,m,b,a,b,m,m,a,a,b,a,b,a,a,m,a,m,a,a,a,a,0
1.1867089,a,m,m,m,b,b,m,a,b,b,b,b,a,b,m,b,a,b,b,b,a,m,b,a,m,m,m,a,m,0
1.3608679,a,b,a,b,m,b,m,b,a,m,a,b,m,m,a,b,a,a,a,m,a,m,a,m,a,m,b,a,a,0
2.763983,a,b,m,b,b,b,b,b,a,b,b,b,a,b,a,b,a,b,b,b,a,m,b,m,b,m,b,m,m,0
1.7321248,a,b,a,m,b,b,b,b,a,a,b,b,m,b,a,b,a,b,a,b,a,a,a,m,m,a,a,a,m,0
2.2826695,a,m,b,b,b,m,a,b,a,a,b,b,m,b,a,b,a,m,b,b,a,m,b,m,a,m,m,m,a,0
2.5436761,a,b,m,b,b,b,a,m,m,b,b,b,a,b,a,b,a,b,b,b,m,m,b,m,m,m,b,m,b,0
1.8130571,a,b,b,b,b,b,b,b,m,a,b,b,m,b,a,b,a,a,m,b,a,m,m,a,m,m,b,m,a,0
3.5073996,a,b,a,b,b,b,b,b,a,a,a,b,m,b,a,m,a,b,m,b,a,m,b,a,a,m,b,m,a,0
2.4080749,a,b,m,b,b,b,m,b,m,m,b,b,a,b,a,b,a,b,m,b,a,m,b,a,b,b,b,m,a,0
2.43395,a,b,m,m,b,m,m,m,a,a,b,b,m,b,a,b,a,m,a,b,a,a,b,a,a,m,m,a,a,0
1.6032349,a,b,b,m,b,m,m,b,a,a,b,b,m,b,a,b,a,a,a,b,m,m,b,a,m,m,m,a,a,0
2.0009778,a,b,m,b,b,b,m,b,a,m,b,m,m,b,a,b,a,m,m,b,a,m,b,a,a,m,m,m,a,0
0.61800593,a,m,m,m,m,b,b,b,a,a,b,m,b,m,m,m,a,a,a,b,a,m,a,m,m,a,a,m,m,0
0.08179712,a,m,m,m,b,b,m,b,a,a,b,b,m,b,a,a,a,b,a,b,a,m,b,m,m,m,a,a,m,0
0.8493325,a,b,m,b,b,b,m,b,a,a,b,b,a,b,a,b,a,b,m,b,a,a,m,m,m,m,b,m,m,0
1.0145303,a,b,m,b,a,a,m,m,a,m,b,a,b,b,a,m,m,b,m,b,a,a,a,b,a,m,m,m,a,0
0.55774224,m,m,b,m,m,b,b,a,a,b,b,b,b,b,m,m,m,m,b,b,a,a,b,m,m,m,m,m,m,0
0.4662547,a,b,a,m,a,b,m,b,a,a,b,a,b,m,a,m,a,b,a,b,a,a,a,a,a,m,a,m,a,0
3.130728,a,b,m,b,b,b,b,b,m,b,b,b,a,b,a,b,a,b,b,b,a,m,b,m,b,b,b,m,a,0
3.1037407,a,b,a,m,b,b,b,b,a,a,b,b,m,m,m,m,m,m,b,m,a,m,a,a,a,m,m,a,m,0
0.14349441,b,a,b,a,m,m,m,a,b,b,b,b,b,b,m,m,m,b,b,m,a,m,b,b,m,m,m,m,m,1
0.035524476,b,a,m,a,m,m,b,a,b,b,b,b,b,b,a,m,b,a,b,m,m,m,b,a,a,m,a,m,m,1
1.3627269,m,m,a,m,b,a,b,m,m,b,b,b,b,b,b,a,b,b,b,m,a,m,a,m,a,m,b,a,a,1
0.16117768,b,a,b,a,m,m,m,a,m,b,b,b,b,b,m,m,b,b,b,m,a,m,b,m,a,m,a,m,m,1
0.09316097,m,b,a,a,m,a,a,m,b,b,b,b,b,b,b,m,a,b,m,b,m,a,m,b,a,m,a,a,a,1
0.5545814,b,a,b,a,a,a,a,a,b,b,b,a,b,m,b,m,b,a,b,m,m,m,a,a,a,m,a,b,a,1
0.013624075,b,a,b,a,a,a,a,a,b,b,b,b,b,b,b,a,b,a,b,m,m,m,b,b,a,m,a,m,m,1
0.6215072,b,a,b,a,m,m,m,a,b,b,b,b,b,b,m,m,m,a,b,b,m,a,a,b,a,m,a,m,m,1
0.20865865,b,a,b,a,m,a,a,a,b,b,b,m,b,b,b,m,m,a,b,m,m,a,a,b,a,m,m,a,a,1
0.36753535,m,a,b,a,m,a,m,m,m,m,b,b,b,b,a,m,m,b,b,m,a,m,m,m,m,m,m,a,a,1
0.42284614,b,a,b,a,a,a,m,a,b,b,b,m,b,b,b,b,b,a,b,b,m,m,a,b,a,m,a,m,m,1
0.35220388,b,a,b,a,b,m,m,a,m,b,b,b,b,b,a,a,m,m,b,a,a,a,a,b,a,m,m,m,m,1
0.0,b,a,b,a,a,a,m,m,b,b,b,b,b,b,m,a,b,m,b,m,a,a,m,m,a,m,a,m,a,1
0.89291894,b,a,a,m,m,a,b,a,m,b,b,b,b,b,m,a,b,a,b,m,m,a,b,m,a,m,a,a,m,1
0.093068525,b,a,b,a,a,a,a,a,b,b,b,b,b,b,a,a,m,a,b,a,m,a,a,b,m,m,m,m,a,1
0.051900376,b,a,b,a,a,a,b,a,b,b,b,b,b,b,b,a,b,a,b,b,m,m,a,b,a,m,a,b,m,1
0.0,b,a,m,m,a,a,b,a,b,b,b,m,b,b,b,m,b,a,b,m,m,m,a,b,m,m,a,m,a,1
0.0,b,a,b,a,b,a,b,a,m,b,b,b,b,b,b,m,m,a,b,m,m,a,a,b,m,m,m,m,a,1
0.026085153,m,a,m,m,m,m,m,b,m,b,b,m,m,b,a,m,m,m,b,b,m,a,a,b,b,m,a,m,m,1
0.0,b,m,b,b,m,a,a,m,m,b,b,b,b,b,b,m,m,a,m,b,b,m,b,m,b,a,a,b,b,1
0.0,b,a,m,m,m,a,m,a,b,b,b,b,b,b,m,m,b,m,b,m,a,a,b,m,a,m,a,m,a,1
1.2545933,b,m,b,m,m,a,b,a,m,b,b,b,b,b,b,a,m,a,b,m,m,m,a,m,m,m,a,a,m,1
0.24615498,m,a,b,a,a,a,m,a,m,b,b,m,b,b,b,a,b,a,m,m,a,m,a,b,m,m,a,a,a,1
0.11871437,b,a,m,a,a,a,m,a,b,b,b,m,b,b,b,m,b,a,m,m,a,a,m,m,a,m,a,m,a,1
0.0,b,a,b,a,m,a,m,a,b,b,b,b,b,b,b,m,m,b,b,b,m,m,m,b,m,m,a,m,m,1
0.1672074,b,a,b,m,b,b,b,b,b,b,b,b,m,b,a,a,a,a,b,b,b,m,m,b,m,m,m,a,m,1
0.14788532,b,a,m,a,a,a,m,a,m,b,b,a,b,b,a,a,m,b,a,m,m,a,a,b,m,a,m,m,a,1
0.0070972736,m,b,b,a,m,a,a,a,b,b,b,a,b,b,b,m,b,a,b,b,a,m,m,a,m,m,m,m,m,1
0.2661686,b,a,b,a,m,a,m,a,b,b,b,b,b,b,a,m,b,m,b,m,m,a,a,a,m,m,m,m,m,1
0.08248826,m,a,b,m,m,a,m,m,m,b,b,b,m,b,a,m,a,m,b,b,m,a,m,m,b,m,b,m,m,1
0.01681214,b,a,m,a,a,a,m,m,a,b,b,a,b,m,m,a,b,m,b,m,m,a,a,b,m,a,a,a,a,1
0.4877154,m,m,m,a,a,a,m,a,a,b,b,a,b,b,a,a,m,a,b,m,a,m,a,a,a,a,m,a,a,1
0.12696207,m,m,b,m,a,a,a,a,a,b,b,m,b,b,a,a,a,a,m,m,a,a,m,m,m,m,a,a,a,1
0.008831676,m,m,m,a,b,m,m,a,m,m,b,a,b,m,b,a,a,b,a,m,a,a,a,m,m,m,a,a,m,1
0.008201424,b,m,m,m,m,a,a,a,b,b,a,m,m,b,m,m,m,a,b,b,b,m,b,a,m,m,a,a,m,1
0.7999056,b,a,b,m,a,a,m,a,b,b,b,m,b,a,b,m,b,a,b,m,m,a,b,a,a,a,a,m,a,1
0.29491976,b,m,b,a,m,a,a,a,m,b,b,b,m,b,a,m,a,b,m,b,a,m,m,b,m,m,a,m,m,1
0.0,b,a,b,a,m,a,m,a,b,b,b,b,b,b,a,m,b,m,b,m,m,a,a,a,m,m,a,m,a,1
0.0,b,a,m,a,a,a,m,m,m,b,b,m,b,b,m,a,m,a,m,m,m,a,a,b,a,m,a,m,a,1
0.046112,b,a,b,a,m,a,a,a,b,b,b,m,b,b,a,a,b,a,b,b,a,b,m,a,a,m,a,m,m,1
0.0,m,a,b,a,m,a,a,a,m,b,b,a,b,b,a,b,b,m,m,b,m,a,b,m,a,m,b,m,m,1
0.10795269,b,a,b,m,m,a,m,a,m,b,b,b,b,b,a,m,m,b,b,m,a,a,m,a,a,m,a,a,a,1
0.08585673,b,b,a,a,m,m,m,a,m,b,b,a,b,b,b,m,m,m,m,b,a,a,a,a,a,m,m,a,a,1
0.0,b,a,b,a,a,a,a,b,m,b,b,a,b,b,b,b,a,a,m,b,a,m,a,b,m,m,b,m,a,1
0.09601653,m,m,m,a,m,m,a,a,m,b,b,a,b,m,b,b,m,a,a,m,m,a,m,m,a,a,a,m,m,1
0.33923024,a,b,m,a,b,m,m,m,m,b,b,m,m,b,a,m,a,m,m,b,a,m,b,a,a,m,b,m,m,1
0.15509433,b,a,b,a,a,a,m,b,b,b,b,b,b,b,b,m,m,a,b,m,a,m,a,b,a,m,a,m,a,1
0.0,m,a,a,a,m,b,a,a,m,a,b,a,b,m,m,m,m,m,a,b,a,a,m,a,a,a,a,a,a,1
0.0,b,m,m,a,m,a,m,a,m,b,b,a,b,b,b,m,m,a,m,b,m,a,a,a,m,m,m,m,a,1
0.0,b,a,m,a,m,a,b,m,a,b,b,a,b,a,a,m,b,b,a,m,m,a,b,m,a,m,a,m,a,1
0.10084274,m,a,m,m,m,a,m,a,a,b,b,m,b,b,m,a,m,b,m,m,m,a,a,a,m,m,a,a,a,1
0.0,m,b,m,a,m,a,m,a,b,b,b,a,b,m,b,m,b,a,m,m,b,a,a,b,a,a,a,a,a,1
0.018060878,b,a,m,a,a,a,b,a,b,b,b,m,b,b,m,m,b,m,b,m,b,a,m,b,m,m,a,m,a,1
0.15136644,m,b,m,a,m,b,m,a,b,b,b,b,m,b,a,b,a,a,b,b,m,m,m,a,m,b,b,m,m,1
0.0,b,b,b,a,a,m,a,m,b,b,b,a,b,m,b,m,m,a,b,m,a,m,m,a,a,a,a,a,a,1
0.05120179,m,b,m,a,b,a,a,a,m,b,b,a,b,a,m,a,m,a,a,m,m,a,b,a,a,m,a,m,m,1
0.049688827,b,b,m,a,m,a,a,a,m,b,b,a,m,m,a,m,a,m,b,m,m,m,b,a,a,m,a,a,m,1
0.123672195,m,a,a,m,b,m,m,a,a,b,b,a,m,b,a,a,m,a,a,m,a,a,m,a,m,a,a,a,m,1
0.019246705,b,a,b,m,m,a,m,a,b,b,b,b,b,b,m,m,m,a,b,b,a,m,m,a,m,m,m,m,a,1
0.20017153,b,m,b,a,b,a,a,a,b,m,b,b,m,b,a,b,m,m,b,b,a,m,b,a,a,m,m,m,a,1
0.1683253,m,b,m,a,b,m,a,a,b,m,b,a,b,m,m,m,m,m,m,b,a,a,a,a,m,a,b,m,m,1
0.0157174,b,b,m,a,m,a,a,a,b,b,b,a,b,b,b,m,m,a,m,b,m,a,m,m,a,m,b,m,a,1
0.0,b,b,b,a,b,a,a,a,b,m,b,a,b,a,b,a,m,a,m,b,m,a,a,m,m,m,m,m,a,1
0.44671896,m,m,a,a,a,m,a,m,b,b,b,a,b,a,b,m,m,a,a,b,a,a,b,a,a,m,a,a,a,1
0.051925328,b,a,b,a,m,a,m,a,b,b,b,b,b,b,b,m,b,b,b,a,a,m,a,m,a,m,m,m,m,1
0.34930632,m,m,b,a,a,a,a,b,m,b,b,m,m,b,b,m,m,b,m,b,a,m,b,m,m,m,a,a,a,1
0.08087623,m,a,b,m,a,a,a,a,m,b,b,a,b,b,b,b,b,b,b,m,a,a,b,b,a,m,m,m,a,1
0.0,b,a,b,b,m,a,b,m,b,b,b,b,b,b,b,m,b,m,b,a,m,a,b,a,m,m,a,m,a,1
0.18916333,m,a,m,a,m,a,m,a,m,b,b,b,b,b,a,m,b,a,b,m,m,m,a,a,a,m,a,a,a,1
2.2685242,a,m,m,m,b,m,m,b,m,b,b,b,b,b,m,a,m,m,m,b,m,m,a,a,m,m,m,a,a,1
0.53525794,b,m,m,a,a,a,a,a,b,b,b,b,b,b,b,a,b,a,b,m,m,a,a,a,m,m,m,m,a,1
0.15140891,b,a,b,a,a,a,m,a,b,b,b,m,b,b,a,a,m,a,b,m,m,m,b,m,a,m,a,m,m,1
0.20945288,b,a,b,a,m,a,a,a,b,b,b,b,b,b,m,a,b,m,b,m,a,a,m,m,a,a,a,a,m,1
0.0,b,b,m,a,m,a,m,m,m,b,b,a,b,m,m,a,m,a,b,m,a,m,a,m,a,m,a,a,a,1
0.29176956,b,a,b,a,a,a,m,a,m,b,b,a,b,b,m,a,b,a,b,a,a,m,a,m,a,m,a,a,a,1
0.3106195,a,b,m,m,m,m,b,m,m,b,b,a,b,b,b,a,m,a,b,b,a,a,a,b,m,m,a,m,a,1
0.08199736,b,a,m,a,a,a,m,a,b,b,b,b,b,m,m,a,b,m,m,m,a,a,b,b,a,a,a,m,a,1
0.28803745,m,b,m,a,b,b,b,a,b,b,b,m,b,m,b,m,m,m,m,b,a,a,m,a,m,b,m,b,m,1
0.18715827,a,b,a,a,m,m,a,b,m,a,b,b,m,b,m,m,m,b,b,b,a,m,a,a,m,m,m,a,a,1
0.13590659,b,m,b,a,m,a,m,m,b,m,b,a,b,b,m,a,m,m,b,m,a,m,m,m,a,m,a,a,a,1
0.4225811,b,a,b,a,m,b,a,a,b,b,b,b,b,b,m,m,b,b,b,m,a,m,m,b,a,m,a,a,a,1
0.30182457,b,a,m,a,a,m,a,a,m,m,b,b,b,b,m,b,m,a,b,m,a,m,b,m,m,m,b,a,m,1
0.9400207,a,b,m,m,b,b,b,m,m,a,b,b,b,b,a,a,a,b,b,b,a,m,a,m,m,m,a,m,m,1
0.44702622,a,m,m,a,b,m,m,a,b,m,b,b,m,b,m,m,a,b,b,b,a,m,m,m,b,m,b,m,m,1
0.22959879,a,b,a,a,m,m,a,a,b,b,b,a,b,b,b,a,a,m,m,b,m,a,a,a,m,m,a,a,a,1
0.15091427,a,m,m,a,m,m,b,b,b,b,a,b,b,b,a,a,m,m,b,m,a,m,b,m,b,m,a,m,a,1
0.72791433,a,b,a,a,b,m,a,b,b,m,b,a,b,b,a,m,a,m,b,b,a,a,m,a,m,m,m,m,m,1
0.06440695,b,m,b,a,m,a,a,a,b,b,b,a,b,m,b,m,b,a,m,b,a,m,a,m,a,m,a,m,a,1
0.1946512,b,m,m,a,a,a,a,m,m,m,b,a,m,b,m,m,m,a,m,b,a,a,m,m,a,m,a,m,a,1
0.0,m,m,b,a,b,m,m,a,b,m,b,b,m,b,b,m,m,a,b,b,m,m,a,a,a,m,b,m,m,1
0.10181866,a,b,a,a,b,m,m,a,m,b,b,b,b,m,a,a,m,a,a,b,b,a,a,b,a,a,m,a,a,1
0.0,b,m,m,a,m,a,m,b,m,m,b,a,b,a,b,m,b,a,a,b,m,m,a,a,b,a,a,m,a,1
0.07204987,b,a,b,a,m,a,a,m,b,b,b,b,b,b,a,b,m,m,b,m,b,a,a,m,a,m,a,b,a,1
0.018669926,b,a,b,a,a,a,a,a,m,b,b,b,b,b,a,b,m,m,b,b,m,m,b,b,m,m,a,m,a,1
0.13515429,m,m,b,m,m,a,m,b,m,m,b,a,b,b,m,b,a,m,b,b,a,m,a,b,m,m,m,m,a,1
0.03314718,b,b,m,a,m,m,m,b,m,m,b,a,b,m,b,m,b,m,m,b,m,a,m,m,m,m,a,m,m,1
0.26313004,a,b,a,a,m,m,m,a,m,b,b,a,m,b,a,a,m,a,m,b,a,m,a,a,a,m,b,a,m,1
0.004013684,b,m,m,m,b,m,m,b,m,b,b,b,b,b,a,m,m,m,b,b,a,m,a,a,a,m,a,m,m,1
0.031128932,b,a,b,a,a,a,m,a,a,b,b,b,b,b,a,m,b,a,b,m,a,a,m,b,m,m,a,m,a,1
0.12118608,b,a,m,a,m,a,m,a,b,b,b,b,b,m,m,a,b,a,b,a,m,m,m,b,a,m,a,a,m,1
0.46495077,b,a,m,a,m,a,m,m,a,m,b,m,b,b,a,a,m,b,b,b,a,m,a,b,b,m,m,a,a,1
0.0041816477,m,m,m,a,m,m,a,a,m,a,b,a,b,m,b,m,m,a,b,b,m,m,a,m,m,m,a,m,m,1
1.1305287,a,a,m,m,b,m,m,m,b,b,b,b,b,b,b,a,m,m,b,b,a,m,b,b,m,m,a,m,a,1
0.2551743,b,a,m,a,a,a,m,a,b,b,b,b,b,b,a,a,b,b,b,m,a,m,a,m,a,m,a,m,a,1
0.0037419845,m,m,b,a,m,a,a,a,b,m,b,a,b,b,b,a,b,a,m,m,m,m,a,a,m,m,a,m,m,1
0.9207383,a,a,b,m,b,m,m,b,m,a,b,b,b,b,b,a,a,a,m,m,a,a,a,a,b,m,a,a,a,1
0.0,b,a,m,a,m,a,a,a,m,b,b,b,m,b,a,m,m,a,b,m,m,a,m,m,m,m,m,a,b,1
0.34484792,m,a,m,m,b,m,m,m,b,b,b,b,b,b,m,a,a,a,b,m,a,m,b,b,m,m,b,a,a,1
0.009896162,b,b,m,a,b,m,a,a,b,m,b,a,b,m,m,m,m,b,m,b,a,a,a,b,a,a,a,m,m,1
0.48613855,a,m,b,a,m,a,m,a,m,b,b,a,b,b,a,a,m,b,m,b,a,a,a,m,a,a,b,m,m,1
0.028052038,b,a,b,m,m,a,b,m,b,b,b,b,b,b,a,m,b,b,b,m,a,a,b,a,m,m,b,m,a,1
0.017811473,b,b,m,a,a,a,a,a,m,b,b,a,b,a,b,m,m,a,m,b,a,a,a,a,m,m,m,m,a,1
0.064912975,b,a,b,m,b,a,m,a,m,b,b,b,b,b,m,a,b,a,m,m,a,m,a,m,m,m,b,m,a,1
1.1225389,a,b,a,a,b,b,m,b,b,b,b,b,m,b,a,a,a,b,b,b,a,m,m,a,m,m,m,m,m,1
0.041963596,b,a,b,m,a,a,m,a,m,b,b,m,b,b,m,b,b,a,b,m,a,a,m,a,a,m,a,a,a,1
0.0,b,a,m,m,m,m,a,b,m,b,b,b,m,m,m,a,m,b,b,b,a,m,b,a,a,m,a,m,m,1
0.017472131,a,a,a,a,b,m,a,a,b,b,b,a,b,m,a,m,a,a,m,m,a,a,b,m,a,m,a,a,a,1
0.03206404,b,m,m,a,a,a,a,a,m,b,a,m,b,b,m,m,m,a,m,m,a,a,a,b,a,m,a,a,a,1
1.7719842,a,m,b,b,b,m,b,m,b,b,b,b,m,b,m,a,a,a,b,b,a,m,m,b,b,m,m,a,m,1
0.21718445,b,a,m,b,m,m,m,a,b,b,b,m,b,b,b,m,m,a,b,b,a,m,a,m,m,m,m,a,a,1
0.0025002907,b,a,m,m,a,a,a,b,a,b,b,m,b,m,b,m,m,a,b,m,a,m,a,b,m,m,m,m,a,1
0.0,b,a,m,a,a,a,m,a,m,b,b,a,b,a,b,a,b,m,m,m,a,m,a,b,m,a,a,m,a,1
0.14628984,b,a,b,a,a,a,a,a,b,b,b,b,b,b,m,m,b,a,b,m,m,m,a,b,b,m,b,m,a,1
0.055193182,a,m,m,m,m,m,m,b,m,b,b,m,m,b,b,a,m,a,b,b,a,m,a,a,a,m,b,m,m,1
0.053675584,b,b,m,a,m,m,m,m,m,b,b,m,b,b,m,m,m,m,b,b,a,m,a,a,m,m,a,m,m,1
0.027401788,m,b,a,a,b,a,m,a,m,m,b,a,m,b,a,m,m,a,m,b,a,a,a,m,a,m,m,a,m,1
0.637202,a,m,m,m,m,b,b,b,b,b,b,b,m,b,a,m,a,b,b,b,a,m,m,m,b,m,m,m,m,1
0.273223,b,a,m,m,a,a,a,a,m,b,b,b,b,b,m,m,a,a,b,m,a,a,a,m,m,m,a,m,a,1
0.0,m,a,m,a,a,a,m,a,m,b,b,a,b,a,b,m,m,a,m,b,a,a,a,m,a,a,a,m,a,1
0.9588885,b,a,m,m,b,m,b,a,m,b,b,b,m,b,a,m,b,m,b,m,a,m,b,a,b,m,m,m,b,1
0.50429994,a,m,m,m,m,a,m,m,a,m,b,b,b,b,a,a,m,m,m,m,a,m,m,a,b,m,m,m,a,1
0.606267,b,a,m,a,a,a,b,m,b,b,b,b,b,b,a,a,b,b,b,m,a,a,a,m,b,m,m,a,a,1
0.0056376164,b,m,m,a,m,a,m,a,b,b,b,a,b,b,b,m,m,a,a,b,a,a,a,m,b,m,m,m,a,1
0.009398976,m,a,m,m,m,a,a,a,b,b,b,b,m,b,m,m,m,a,b,m,a,m,m,m,b,m,m,m,a,1
0.08624599,b,a,b,a,m,a,a,a,m,b,b,b,b,b,a,a,b,a,b,m,a,m,a,m,a,m,m,m,m,1
0.07235066,b,m,m,a,b,m,b,a,b,b,b,a,b,m,m,m,m,m,m,m,a,m,a,a,m,m,m,a,m,1
0.16529189,a,b,m,a,b,b,m,a,m,b,b,b,m,b,a,b,m,m,b,b,a,a,a,a,a,b,m,a,a,1
1.4729552,b,m,a,m,b,b,m,b,b,b,b,b,m,b,a,b,a,m,b,b,a,m,b,m,m,m,b,m,m,1
0.161802,b,a,m,m,m,m,a,a,m,b,b,b,b,b,m,m,m,a,b,b,a,m,a,m,a,m,a,a,a,1
0.11648893,b,a,m,a,m,a,m,a,b,b,b,b,b,b,a,m,b,a,b,a,a,a,m,b,m,m,a,b,a,1
0.2298039,m,m,m,a,b,m,m,a,m,b,b,a,m,a,b,a,m,a,m,b,a,a,b,a,a,a,m,m,m,1
0.3553199,m,m,a,a,b,b,m,a,b,b,b,b,b,b,m,a,m,b,b,b,a,m,a,a,b,m,b,a,m,1
0.2641084,m,a,b,a,a,m,a,a,m,m,b,a,b,b,a,m,b,b,b,m,a,a,m,a,m,m,a,m,a,1
0.11886996,b,a,m,a,b,a,m,a,a,b,b,a,b,a,b,a,m,a,b,b,m,a,a,a,b,m,a,m,m,1
0.0,a,a,m,a,m,m,a,a,m,a,b,a,m,m,a,b,m,a,a,b,m,a,a,a,a,m,a,a,m,1
0.3487278,a,m,m,a,b,m,m,b,m,a,b,a,a,m,a,m,a,m,b,b,a,a,a,a,m,m,a,m,a,1
0.68272257,m,b,m,a,m,m,a,a,m,m,b,m,b,b,a,b,b,a,m,m,a,a,a,a,m,m,b,a,a,1
0.113157175,m,m,b,a,m,b,a,a,m,b,b,a,b,a,b,m,m,a,m,b,m,a,m,m,m,m,a,m,m,1
0.13348235,b,a,b,a,m,a,b,a,b,b,b,b,b,b,a,m,b,a,b,m,m,m,b,m,m,m,a,a,m,1
0.1042095,a,m,m,m,m,a,a,a,b,b,b,a,m,b,m,m,m,a,b,b,a,m,m,a,a,m,b,a,m,1
0.07953895,b,m,a,a,m,m,a,a,m,b,b,a,m,m,b,m,m,a,m,m,a,a,a,a,a,m,a,m,a,1
0.8301512,m,b,a,a,b,b,a,a,b,b,b,b,m,b,a,a,a,m,b,b,a,m,b,a,a,m,m,a,m,1
0.06465038,b,a,b,a,m,a,b,a,b,b,b,a,b,b,m,a,b,m,b,m,m,a,a,a,a,m,a,a,a,1
0.2529961,b,b,a,a,m,m,m,a,b,b,b,a,m,a,m,a,m,a,m,b,a,m,b,a,m,m,a,a,m,1
0.2583162,m,m,m,a,m,a,a,a,m,b,b,a,m,b,m,m,m,a,m,b,a,a,m,m,m,m,m,a,a,1
0.05841188,a,m,a,a,b,a,a,m,m,a,b,a,b,b,a,m,m,a,a,b,m,a,a,a,a,m,m,a,a,1
0.09731904,m,a,m,a,m,a,a,a,b,b,b,m,b,b,b,a,m,a,b,b,a,m,m,a,a,m,a,m,m,1
0.010215127,m,a,m,m,m,a,a,m,m,b,b,m,b,b,b,m,a,a,b,m,a,a,a,b,m,m,a,a,a,1
0.13373783,m,b,a,a,m,a,b,m,b,b,b,a,b,m,b,m,m,m,m,b,a,m,a,b,m,m,a,a,a,1
0.0,m,b,a,a,m,a,a,m,b,b,b,b,b,b,m,m,m,a,b,b,m,m,b,a,m,m,a,m,m,1
0.09923759,b,a,m,a,m,a,m,a,b,b,b,m,b,b,a,a,b,a,b,m,m,m,m,m,a,m,a,a,a,1
0.0,b,a,b,a,m,m,m,a,b,m,b,a,b,b,b,a,b,a,b,b,a,m,a,a,a,a,a,m,m,1
1.1364014,m,a,b,m,m,a,m,m,b,b,a,b,b,b,a,a,m,a,b,m,a,m,b,b,m,m,a,a,a,1
1.0971606,a,m,b,b,b,b,m,a,m,b,b,b,b,b,m,a,m,b,b,b,a,m,m,a,m,m,b,b,m,1
1.075127,m,a,m,a,b,b,m,a,a,m,b,a,m,m,a,a,m,b,b,b,a,a,a,m,b,m,a,a,a,1
0.36527938,b,a,b,m,m,a,b,m,m,b,a,b,b,b,a,m,b,a,b,m,a,m,a,m,m,m,a,a,a,1
0.0,b,a,b,a,a,a,m,a,b,b,b,a,b,a,m,a,b,a,m,m,a,m,m,m,a,a,a,m,m,1
0.08183022,m,a,m,a,b,m,m,a,b,b,b,b,m,b,a,a,m,a,b,m,a,m,b,a,a,m,a,a,a,1
0.09289448,b,a,b,a,a,a,m,a,b,b,b,b,b,b,m,m,b,a,b,m,a,a,a,m,m,m,a,m,a,1
0.0,b,a,b,a,m,a,a,a,b,b,b,a,b,m,b,a,b,a,m,m,a,a,a,a,a,m,a,m,m,1
0.08412693,b,a,b,a,m,a,b,a,b,b,b,m,b,b,a,m,b,a,b,m,a,m,b,b,m,m,m,m,a,1
0.11637625,b,a,b,a,m,a,m,a,m,b,b,b,b,m,a,a,b,a,b,a,a,m,m,m,a,a,m,m,a,1
0.15336905,a,b,m,a,a,a,m,m,m,a,b,a,m,m,b,m,a,a,b,b,a,m,a,m,b,m,m,m,m,1
0.0037085281,b,a,b,a,m,a,m,a,b,b,b,b,b,b,a,m,b,m,b,m,a,m,a,a,a,m,m,m,a,1
0.04132149,b,a,b,a,m,m,m,a,b,b,b,b,m,b,m,a,m,a,b,a,a,m,a,m,b,m,m,a,m,1
0.19350256,b,a,b,a,m,a,m,m,m,b,b,b,b,b,a,a,b,b,b,m,a,a,m,b,a,m,a,m,a,1
0.45028317,m,a,b,a,m,a,a,m,b,b,b,m,b,m,b,m,b,m,b,b,a,m,b,m,a,m,a,m,a,1
0.20117845,m,m,m,a,m,m,a,b,a,a,b,b,b,m,b,b,m,m,a,m,b,a,a,a,a,a,a,m,a,1
0.42570555,b,a,m,m,m,a,a,a,a,b,a,m,b,b,a,m,m,a,a,m,m,a,a,b,a,m,a,a,a,1
0.3785058,m,b,m,a,m,m,m,b,a,a,b,a,b,m,a,a,m,a,a,m,m,a,a,m,a,a,a,a,a,1
0.47880095,b,b,m,m,m,m,a,a,a,a,b,a,b,a,a,m,m,b,m,m,a,a,a,m,a,a,m,a,a,1
0.14771986,b,a,b,a,a,a,m,a,a,b,a,a,b,a,m,a,m,a,a,a,m,a,a,b,a,a,a,a,a,1
1.0628682,m,a,b,a,b,m,m,a,a,b,a,a,b,m,a,a,m,a,a,m,m,a,a,b,a,a,a,m,a,1
0.009509485,m,a,b,m,a,a,a,a,a,b,a,m,b,m,m,a,b,a,m,a,m,a,a,b,a,a,a,m,a,1
0.42111018,b,a,b,a,a,a,m,a,m,b,b,m,b,b,m,m,b,a,b,a,a,a,b,a,a,m,a,m,a,1
1.0933516,b,a,m,a,m,a,a,a,a,m,a,a,b,m,a,a,m,m,b,m,m,a,a,b,a,a,a,a,a,1
0.4728175,b,a,b,a,a,a,m,a,m,b,b,a,b,b,b,a,b,a,b,m,m,m,a,b,a,a,a,a,a,1
0.15316671,b,a,m,m,m,m,m,m,m,b,a,b,m,a,m,a,m,m,b,a,b,m,a,m,a,a,a,a,a,1
0.21592121,b,a,b,a,a,a,a,m,m,b,b,a,b,m,b,a,b,a,b,m,b,m,a,b,a,m,a,a,a,1
0.107923,b,a,m,a,a,a,a,m,a,m,a,m,b,a,b,a,m,a,a,m,m,a,a,b,m,a,a,a,a,1
0.93427026,a,b,b,a,a,a,a,m,a,m,b,a,m,m,m,a,a,m,a,m,m,a,a,b,a,a,a,a,a,1
0.6602218,b,a,m,a,b,m,a,b,a,m,b,m,m,m,a,a,m,a,b,m,m,a,a,m,a,a,m,a,m,1
1.2458391,b,a,m,a,m,a,b,a,m,b,a,a,b,b,m,a,m,a,m,m,m,m,b,a,a,m,m,a,a,1
0.0,a,a,b,a,m,m,b,b,a,b,b,b,b,m,a,a,a,b,m,b,a,a,a,b,a,a,m,a,m,1
1.3379604,m,m,m,a,b,m,m,a,a,m,b,m,b,b,a,m,a,m,a,m,m,a,a,a,a,m,m,m,a,1
0.75969017,b,a,m,m,m,a,m,a,a,b,b,m,b,m,m,a,m,m,m,a,b,a,a,b,a,a,m,a,a,1
0.23715413,b,a,m,a,a,a,a,a,a,a,b,a,b,m,b,a,b,a,m,a,b,a,a,b,a,a,a,m,a,1
0.25387126,b,a,b,a,m,m,a,a,a,m,a,m,m,a,a,a,a,a,a,m,m,a,a,b,a,a,a,a,a,1
0.31221375,m,m,m,a,m,a,a,m,a,b,b,b,b,m,a,m,a,a,a,b,m,a,a,m,a,a,m,m,a,1
0.490387,b,m,m,a,m,a,a,b,a,m,a,a,b,m,a,m,m,a,a,m,m,a,m,a,a,m,a,m,a,1
0.2711062,b,m,m,a,a,a,m,a,a,b,a,a,b,m,a,m,a,a,m,m,m,a,a,b,a,a,a,a,a,1
0.097527854,b,a,b,a,a,a,a,b,a,b,b,a,b,a,b,a,b,a,b,m,a,a,b,m,m,a,a,m,a,1
0.2670485,m,m,b,a,m,b,m,a,m,m,a,a,b,a,m,a,a,a,m,b,m,m,m,m,a,a,a,m,a,1
0.49479336,b,a,m,a,a,a,m,m,m,b,b,a,b,a,b,a,m,a,b,m,m,a,a,b,a,a,a,a,a,1
0.66621417,b,a,m,a,a,a,a,a,b,b,b,a,b,a,b,a,b,a,b,a,m,a,a,a,a,m,m,a,a,1
0.016938949,b,a,m,a,a,a,a,a,m,m,b,a,b,a,b,m,b,a,b,m,m,a,a,m,a,a,m,m,a,1
0.09368474,b,a,m,a,a,a,b,b,b,b,b,b,b,b,b,a,b,m,b,m,a,m,a,b,m,m,m,m,a,1
1.286485,m,a,m,m,b,m,a,m,a,a,b,a,b,a,a,a,a,a,a,m,a,a,a,a,a,a,a,a,a,1
0.3022345,m,a,m,a,m,a,a,a,a,b,b,a,m,a,a,a,m,a,a,m,a,a,a,m,a,a,a,a,a,1
0.890362,m,a,m,a,m,a,m,a,m,b,a,a,b,m,b,m,m,a,b,m,b,m,m,a,a,a,a,m,a,1
0.41798493,m,a,b,a,m,a,a,a,a,b,m,m,b,b,a,m,m,m,m,m,m,a,a,b,a,m,a,m,a,1
0.45724827,b,m,m,a,a,a,m,a,a,b,b,a,b,m,b,a,m,b,m,m,m,a,b,a,a,m,a,a,a,1
0.20721899,a,m,m,a,b,b,m,m,a,m,b,b,m,b,a,b,m,a,m,b,m,m,a,a,a,m,m,a,a,1
0.018562132,b,a,b,a,a,a,a,a,b,b,b,a,b,b,b,a,b,b,b,m,a,a,a,a,a,m,m,m,a,1
0.29933795,b,a,b,a,m,a,a,a,a,b,b,a,b,b,a,b,m,m,m,m,b,a,a,b,a,a,a,a,a,1
0.0006659955,b,a,b,a,a,a,a,a,b,b,b,m,b,m,m,a,b,a,b,m,m,a,a,b,m,a,a,m,a,1
0.25971156,b,a,m,a,m,m,m,m,a,m,b,a,b,m,m,m,m,a,m,m,m,m,a,m,a,a,a,m,a,1
0.7990916,m,a,b,m,m,a,a,a,a,b,a,a,b,m,b,a,m,a,m,m,m,a,a,m,a,a,a,a,a,1
0.0035369736,b,a,b,a,a,a,m,a,m,b,a,a,b,a,b,a,b,a,b,m,m,a,b,b,a,a,a,m,a,1
0.4869661,b,a,b,a,a,m,a,m,a,m,a,a,b,m,m,a,m,a,m,a,b,m,a,m,a,a,a,a,a,1
0.17020136,b,a,b,a,m,m,m,m,a,b,a,a,b,m,m,a,m,a,m,m,b,a,a,b,a,a,a,a,a,1
0.37118757,b,a,b,m,a,a,a,a,a,a,a,a,b,m,b,a,m,a,b,a,b,a,a,b,a,a,a,a,a,1
0.056043286,m,a,b,a,m,m,m,b,a,a,b,a,b,b,a,a,a,a,m,m,m,a,a,m,a,a,a,a,a,1
0.087542094,b,a,b,m,a,a,a,a,a,m,b,a,b,m,b,m,m,a,m,m,m,m,a,m,a,a,a,m,a,1
0.6139163,b,m,m,a,m,m,m,b,m,b,b,b,b,a,m,m,m,b,b,m,m,m,m,m,a,m,a,m,a,1
0.77771854,b,m,m,a,a,a,b,m,m,b,b,a,b,m,b,a,b,b,m,a,m,a,m,b,a,m,a,a,a,1
0.47771353,b,a,b,a,m,a,a,a,a,b,b,a,b,a,b,a,m,a,b,m,b,m,a,b,m,m,a,m,m,1
0.11161109,b,a,m,m,m,m,m,b,m,b,b,a,m,a,m,a,a,a,b,m,m,a,a,a,a,a,m,a,m,1
0.11161109,b,a,m,m,m,m,m,b,m,b,b,a,m,a,m,a,a,a,b,m,m,a,a,a,a,a,m,a,m,1
0.012367706,b,a,b,a,a,a,m,a,m,b,b,a,b,b,m,a,m,m,b,m,a,a,m,b,a,a,a,a,a,1
0.30603647,b,m,b,a,a,a,m,m,a,b,b,a,b,b,b,a,m,a,b,m,m,m,a,b,m,a,a,m,a,1
0.30603647,b,m,b,a,a,a,m,m,a,b,b,a,b,b,b,a,m,a,b,m,m,m,a,b,m,a,a,m,a,1
0.069304936,b,a,b,a,m,b,m,a,m,b,a,b,m,a,b,a,m,a,b,m,m,a,a,b,a,a,a,m,a,1
0.069304936,b,a,b,a,m,b,m,a,m,b,a,b,m,a,b,a,m,a,b,m,m,a,a,b,a,a,a,m,a,1
0.16819265,m,a,m,a,m,a,a,a,a,b,b,a,b,m,a,m,m,a,a,m,m,a,a,b,a,m,m,a,a,1
1.8004584,b,m,m,a,b,a,m,a,a,b,a,a,b,m,a,a,m,a,m,m,a,a,m,b,a,a,a,a,a,1
0.024216935,b,a,b,a,m,a,m,a,a,b,b,b,b,b,m,a,a,a,b,b,b,a,a,b,a,a,a,m,a,1
0.024216935,b,a,b,a,m,a,m,a,a,b,b,b,b,b,m,a,a,a,b,b,b,a,a,b,a,a,a,m,a,1
0.16819265,m,a,m,a,m,a,a,a,a,b,b,a,b,m,a,m,m,a,a,m,m,a,a,b,a,m,m,a,a,1
0.15333739,b,a,m,a,a,a,m,a,a,b,b,a,b,a,m,m,b,b,b,m,a,a,a,m,m,a,a,a,a,1
0.15333739,b,a,m,a,a,a,m,a,a,b,b,a,b,a,m,m,b,b,b,m,a,a,a,m,m,a,a,a,a,1
0.18076189,b,a,m,a,m,a,m,m,a,a,m,m,b,a,b,a,m,a,m,a,m,a,a,b,m,a,a,a,a,1
0.18076189,b,a,m,a,m,a,m,m,a,a,m,m,b,a,b,a,m,a,m,a,m,a,a,b,m,a,a,a,a,1
0.53401,b,m,m,a,m,a,m,a,a,b,b,a,b,b,a,a,m,a,m,m,b,a,a,m,a,a,a,a,a,1
0.53401,b,m,m,a,m,a,m,a,a,b,b,a,b,b,a,a,m,a,m,m,b,a,a,m,a,a,a,a,a,1
0.17430536,b,m,m,a,m,a,a,m,m,m,b,a,m,m,b,a,a,m,m,b,m,a,b,a,a,m,a,m,a,1
0.38185218,b,a,m,a,a,m,m,a,m,m,a,m,b,a,b,a,b,a,b,a,m,a,m,a,a,a,a,a,a,1
1.0457538,b,a,m,a,a,m,a,a,b,b,a,m,b,a,b,a,b,a,b,a,b,m,m,m,a,a,a,a,a,1
0.5522746,b,a,b,a,a,a,m,b,m,b,b,m,b,a,b,a,b,a,b,m,b,a,a,b,a,a,a,a,m,1
0.17122549,b,a,b,a,a,a,a,a,a,b,a,m,b,a,m,a,m,a,b,m,m,a,a,b,a,a,a,a,a,1
0.08918232,b,a,b,a,a,a,a,m,m,b,b,a,b,a,b,m,b,a,b,m,m,a,b,m,a,a,a,m,a,1
0.26901317,a,a,m,a,a,b,a,b,a,a,a,a,b,a,m,a,a,a,a,m,m,a,a,m,a,a,a,m,a,1
0.40455502,b,a,b,a,m,a,m,a,a,b,b,m,b,m,b,a,m,m,b,a,m,m,m,m,a,a,b,a,a,1
0.3751213,b,a,b,a,a,m,b,a,a,m,a,m,b,m,a,a,m,a,m,m,m,a,a,b,m,m,a,a,a,1
0.052753214,b,a,m,a,a,m,m,a,m,b,b,b,b,m,a,a,b,b,b,a,a,a,m,b,a,m,b,a,a,1
0.13089491,b,a,m,a,a,a,a,a,a,b,a,m,b,m,b,a,m,a,b,a,m,m,a,b,a,m,a,m,a,1
0.62439144,m,b,a,a,b,b,b,b,a,a,b,b,b,m,a,m,a,b,a,m,m,a,a,b,a,a,a,a,a,1
0.052260302,b,a,b,a,a,a,a,a,b,b,b,a,b,m,m,b,b,a,b,a,b,a,a,m,m,m,b,a,a,1
0.03267736,m,a,b,a,m,a,m,m,a,m,b,a,b,m,a,a,m,m,a,m,m,a,a,b,m,a,a,m,m,1
0.0,b,a,b,a,m,a,m,m,b,b,b,a,b,a,m,a,m,a,b,m,m,m,a,b,b,a,a,a,m,1
0.10734125,b,m,b,a,m,m,a,a,a,m,b,a,b,a,b,a,m,a,m,m,m,m,m,a,a,a,a,m,a,1
0.055051073,b,a,b,a,a,a,a,a,b,b,b,m,b,b,m,m,b,a,b,a,m,a,a,m,m,m,m,a,m,1
0.24332611,b,a,b,a,m,a,m,m,a,m,a,a,b,m,m,a,m,a,m,m,b,a,a,b,a,a,a,a,a,1
0.34083104,b,a,m,a,a,a,m,b,a,m,b,b,b,a,b,a,m,m,b,a,b,m,a,m,a,a,a,a,a,1
0.38650393,b,a,b,m,a,a,a,a,m,m,a,a,b,m,b,a,m,a,b,a,b,m,a,b,a,a,a,m,a,1
1.0503548,m,a,a,a,b,b,m,m,m,a,b,a,m,a,a,a,m,a,b,m,m,a,a,a,a,m,a,m,a,1
0.0,m,a,b,m,m,a,a,m,a,b,a,m,b,m,m,m,m,a,m,m,m,a,a,b,a,a,m,m,a,1
0.018984357,b,a,b,a,a,a,a,a,m,a,a,m,b,a,b,a,m,a,m,m,b,a,a,b,a,a,a,m,a,1
0.7503936,b,a,b,m,m,a,m,a,a,a,a,a,b,m,a,a,a,a,m,m,m,m,a,b,a,a,a,a,a,1
0.3636776,b,a,b,a,a,a,m,a,a,m,b,a,b,a,b,a,b,b,b,m,a,a,a,m,a,a,a,a,a,1
0.09181153,m,a,b,a,a,m,a,a,m,m,a,a,b,a,m,a,b,a,m,m,m,a,a,a,a,a,a,m,a,1
0.3715015,a,a,m,a,m,m,m,b,a,a,a,b,b,a,m,a,m,a,m,m,m,a,a,a,a,a,a,a,a,1
0.41029158,m,a,m,m,a,a,a,a,m,b,a,a,b,m,m,a,m,a,m,a,b,a,m,b,a,a,m,a,a,1
0.3921504,b,a,m,a,a,a,a,m,a,m,m,m,b,a,a,a,m,a,m,a,a,a,m,a,a,a,m,a,m,1
0.07652344,b,a,m,a,a,m,a,a,m,b,b,m,b,b,m,a,m,a,b,a,b,m,a,m,a,a,a,m,a,1
0.012367706,b,a,b,a,a,a,m,a,m,b,b,a,b,b,m,a,m,m,b,m,a,a,m,b,a,a,a,a,a,1
1.5617701,b,a,a,a,a,b,m,m,m,a,a,m,b,a,b,a,b,a,b,a,m,m,a,a,m,m,a,a,a,1
1.0104305,b,a,b,a,a,a,m,a,a,b,a,a,b,b,a,m,m,a,b,m,m,a,a,b,m,a,a,m,a,1
0.0,b,a,m,a,a,a,a,a,a,a,a,a,b,a,b,a,b,a,b,a,m,m,a,m,a,a,a,a,a,1
1.7639867,b,m,m,a,m,a,a,a,a,b,m,a,b,b,m,m,m,a,a,m,m,a,a,b,a,m,a,a,a,1
0.16105549,b,a,m,a,a,a,m,a,m,b,b,a,b,b,b,a,b,a,b,m,m,a,a,m,m,m,a,m,a,1
1.887482,b,a,m,m,b,m,a,a,a,a,b,b,b,m,a,m,m,a,b,a,m,a,a,a,a,m,a,a,a,1
0.1585055,b,a,b,a,a,m,a,a,m,b,b,a,b,m,b,m,b,a,b,m,b,a,a,b,a,a,a,m,a,1
1.0041579,b,a,b,a,a,m,m,a,m,b,a,b,b,a,b,a,m,a,b,m,b,a,a,b,a,a,a,a,a,1
1.7330141,m,a,b,m,m,a,m,m,a,m,a,m,b,m,a,a,m,a,b,m,a,a,m,b,a,m,m,a,a,1
0.4122217,b,a,m,m,a,a,a,m,m,a,a,a,b,a,b,a,b,a,b,a,b,m,a,m,a,a,a,m,a,1
0.06074623,b,a,m,a,a,m,m,b,m,m,a,b,m,m,a,a,a,a,b,m,m,m,m,m,a,a,a,a,a,1
0.22016291,b,a,m,a,a,a,m,a,m,m,b,a,b,a,b,a,b,m,b,b,a,m,m,m,a,m,a,a,a,1
0.31128287,b,a,m,a,m,a,m,b,m,b,m,a,b,a,b,m,m,m,b,a,m,a,a,m,a,m,a,a,a,1
0.4122585,b,m,m,a,a,a,m,a,a,a,b,a,b,m,a,m,m,a,m,a,a,a,a,a,a,m,a,a,m,1
0.39648488,b,a,m,a,a,a,m,a,a,b,a,a,b,m,b,a,b,m,b,m,m,a,a,a,a,m,a,a,a,1
0.15156545,a,b,m,a,m,m,b,b,a,a,b,a,b,m,a,b,a,m,a,m,a,a,a,b,m,a,a,m,a,1
0.8339065,a,m,m,a,b,a,a,b,a,b,b,b,b,m,a,m,a,b,a,m,m,a,a,a,a,m,a,m,a,1
0.5607344,b,m,a,a,a,a,m,m,m,m,m,a,b,a,b,a,b,a,m,a,a,m,a,m,m,a,a,m,a,1
0.122024685,b,a,b,m,m,a,m,a,a,a,m,a,b,b,m,m,m,a,m,m,m,a,a,b,m,m,a,m,a,1
1.1840426,b,b,m,a,m,a,a,m,a,b,b,m,b,m,m,m,b,a,b,a,m,m,a,m,m,a,a,a,a,1
0.7765107,m,a,a,m,a,a,m,a,m,b,b,b,b,m,a,m,m,a,b,m,a,a,a,m,a,m,a,m,a,1
0.04223884,b,a,b,a,a,a,a,a,a,b,a,a,b,m,b,m,m,a,b,m,b,m,a,b,m,a,a,m,a,1
0.5199663,m,a,m,a,a,a,a,a,a,m,a,a,b,m,m,a,m,a,b,a,a,a,a,m,a,a,a,a,a,1
2.0696764,a,m,b,a,m,m,a,m,a,m,b,a,m,m,a,m,a,m,m,m,m,a,a,a,a,a,m,a,a,1
1.1160797,a,m,m,m,m,b,m,b,a,a,a,m,m,m,a,m,a,b,m,m,m,a,a,m,a,m,a,a,a,1
1.0756453,m,m,m,a,a,a,a,m,a,a,b,a,b,a,b,a,m,b,m,m,m,m,a,b,a,a,a,a,a,1
1.038022,b,m,a,a,a,a,a,a,a,a,a,a,b,m,m,a,m,a,m,m,m,a,a,m,a,m,a,a,a,1
0.23589337,m,a,b,a,m,m,a,m,m,b,a,a,b,a,m,a,m,a,b,m,m,a,m,b,m,a,a,a,a,1
0.031270728,a,a,b,a,b,b,m,b,m,a,b,b,m,a,a,a,a,m,m,m,a,a,a,b,b,a,a,a,m,1
0.8869321,a,m,a,m,m,m,m,m,a,a,a,b,m,b,a,b,a,b,a,b,a,a,b,b,a,m,a,a,a,1
0.13777247,b,a,b,m,a,a,a,a,a,m,a,a,b,b,b,a,m,a,b,a,m,a,m,m,a,a,a,a,a,1
0.5540322,b,a,b,b,m,a,m,m,a,m,a,m,b,b,m,m,a,a,b,m,m,a,a,b,a,m,a,a,a,1
0.057553925,b,a,m,a,a,m,m,a,m,b,b,b,b,m,m,m,b,m,b,a,m,a,a,b,m,a,a,m,a,1
0.073348366,m,a,b,m,m,a,m,m,a,a,b,a,b,b,m,a,a,a,m,a,m,a,a,b,a,a,a,a,a,1
1.4502844,m,m,a,m,b,b,m,m,b,a,b,b,m,b,a,b,a,b,b,m,b,m,m,b,m,b,a,a,a,1
0.87278205,b,b,m,m,m,a,a,b,a,m,a,a,m,b,a,a,m,m,a,m,m,a,a,m,a,m,b,a,a,1
0.0,b,a,b,m,a,a,a,a,m,b,m,a,b,a,b,a,b,a,b,m,m,m,a,b,m,a,a,a,a,1
0.32931456,b,a,b,a,a,a,m,a,b,b,a,m,b,a,m,a,m,a,b,a,m,m,b,m,a,m,a,a,a,1
2.7442803,m,m,m,a,b,m,m,m,a,a,b,m,b,a,b,m,a,m,m,m,m,a,a,a,a,m,a,a,a,1
0.0029813806,b,a,b,a,a,a,a,a,b,b,b,a,b,b,b,a,b,m,b,m,a,a,a,a,a,a,a,b,a,1
1.5657345,b,m,a,a,a,b,m,m,m,m,b,b,m,a,m,m,a,m,b,a,m,m,a,b,a,m,m,a,a,1
0.049818195,b,a,b,a,a,a,a,a,m,b,a,a,b,b,a,a,m,a,b,m,b,a,m,b,a,a,a,a,a,1
1.0792074,b,a,b,a,a,m,m,a,a,b,a,a,b,m,b,a,m,a,b,m,m,a,a,m,a,a,a,a,a,1
0.6350715,m,a,b,m,b,m,m,b,a,a,b,b,m,m,a,b,a,b,m,m,a,a,a,m,a,m,m,a,a,1
2.5779762,m,m,m,a,m,b,b,a,a,a,m,a,b,m,m,m,m,a,m,m,m,a,a,a,a,m,m,a,a,1
0.37662274,b,a,m,a,a,m,a,a,m,b,b,m,b,b,b,a,b,m,b,a,m,m,m,m,a,m,m,a,m,1
0.4197212,b,m,b,m,m,m,m,a,m,b,a,a,b,m,m,a,m,a,b,m,m,m,m,b,a,a,a,m,a,1
0.46461424,a,m,m,m,b,a,a,b,a,a,a,m,m,b,a,m,a,m,m,m,m,a,a,m,a,m,a,a,a,1
0.25527766,a,a,a,m,b,b,b,b,a,a,b,b,m,m,a,m,a,m,a,m,a,a,a,m,a,m,a,a,a,1
0.24559948,a,m,m,b,b,a,b,b,a,m,b,m,m,b,a,m,a,b,a,b,a,a,a,b,a,m,b,m,a,1
0.94858444,m,a,b,a,a,a,m,b,a,m,a,a,b,m,a,a,m,a,m,m,b,a,a,a,a,m,a,m,a,1
0.4361228,b,a,m,a,a,a,a,m,m,b,b,m,b,b,m,a,b,a,m,a,m,m,a,b,a,m,a,a,a,1
0.11487507,b,a,b,a,m,m,m,a,m,m,b,m,b,a,a,a,m,a,b,m,b,m,a,b,a,a,m,a,m,1
0.39378357,b,a,b,a,a,a,a,a,b,b,b,a,b,m,b,a,b,a,b,a,m,m,a,a,a,m,a,a,a,1
0.7503916,b,a,b,m,a,a,a,m,a,b,a,a,b,b,b,m,b,a,b,b,b,a,b,a,a,m,a,m,a,1
0.9985802,b,m,m,a,m,a,m,m,a,b,a,m,b,m,b,a,b,b,b,m,m,a,a,m,a,a,a,m,a,1
2.0760365,b,a,m,a,m,m,a,a,m,b,b,a,m,b,m,m,b,a,b,m,m,a,a,a,a,m,m,a,a,1
1.5819311,b,a,m,a,m,b,m,a,a,m,a,b,b,m,a,a,m,m,b,a,m,a,a,a,a,m,m,a,m,1
1.4067729,b,a,m,m,m,a,m,a,a,a,a,m,b,b,m,m,a,a,b,m,m,a,a,a,a,m,a,a,a,1
0.7167167,b,a,b,a,a,a,m,a,m,b,b,a,b,b,m,a,b,a,m,m,m,a,a,b,a,a,a,a,a,1
0.0,b,a,b,a,a,a,m,b,m,b,b,a,b,b,b,a,b,b,b,m,m,m,a,m,m,a,a,m,a,1
0.01180282,b,m,m,a,a,a,m,m,m,b,b,a,b,a,m,m,m,a,a,m,m,a,a,m,a,m,a,m,a,1
0.12513229,b,a,b,a,m,a,m,a,a,b,a,m,b,a,b,a,m,a,m,m,m,a,a,b,a,a,a,a,a,1
0.23131795,a,a,m,a,b,a,a,m,a,m,b,m,m,m,a,m,a,a,a,m,a,a,a,a,a,m,a,a,a,1
0.3600414,m,a,b,a,a,m,a,m,a,b,a,a,b,a,m,a,m,a,m,m,m,a,b,b,m,a,a,a,a,1
0.6782776,b,a,b,a,m,a,m,m,a,b,a,a,b,a,m,a,m,a,a,m,m,m,a,m,a,a,a,a,a,1
1.0657818,m,b,m,a,b,m,m,m,m,b,b,b,m,b,a,m,a,a,b,m,m,a,a,a,a,m,m,m,m,1
0.49345145,b,a,m,a,m,a,m,a,m,b,b,a,b,m,b,a,m,a,b,m,a,a,m,m,a,m,a,a,a,1
0.0,b,m,b,a,a,a,a,a,b,b,b,m,b,m,b,m,b,a,b,m,m,m,b,b,a,m,a,a,a,1
0.0074785682,b,a,b,a,a,a,a,a,m,b,b,a,b,m,b,a,b,a,b,m,a,a,a,b,a,a,a,a,a,1
1.2786343,m,a,b,m,a,a,a,a,a,a,a,a,b,a,a,a,m,a,a,m,m,a,a,b,a,a,a,a,a,1
0.3600414,m,a,b,a,a,m,a,m,a,b,a,a,b,a,m,a,m,a,m,m,m,a,b,b,m,a,a,a,a,1
